category,file,source,source_kind,width,height,alpha_min,alpha_max
memory_frames,01_final/memory_frames/final-memory-frames-01.png,C:\Ondukong\4Team-Project\output\chapter2-art\frame-contents\chapter2-frame-memory-inserts-v1.png,final-sheet,347,434,0,255
memory_frames,01_final/memory_frames/final-memory-frames-02.png,C:\Ondukong\4Team-Project\output\chapter2-art\frame-contents\chapter2-frame-memory-inserts-v1.png,final-sheet,358,430,0,255
memory_frames,01_final/memory_frames/final-memory-frames-03.png,C:\Ondukong\4Team-Project\output\chapter2-art\frame-contents\chapter2-frame-memory-inserts-v1.png,final-sheet,405,422,0,255
memory_frames,01_final/memory_frames/final-memory-frames-04.png,C:\Ondukong\4Team-Project\output\chapter2-art\frame-contents\chapter2-frame-memory-inserts-v1.png,final-sheet,417,424,0,255
memory_frames,01_final/memory_frames/final-memory-frames-05.png,C:\Ondukong\4Team-Project\output\chapter2-art\frame-contents\chapter2-frame-memory-inserts-v1.png,final-sheet,356,420,0,255
memory_frames,01_final/memory_frames/final-memory-frames-06.png,C:\Ondukong\4Team-Project\output\chapter2-art\frame-contents\chapter2-frame-memory-inserts-v1.png,final-sheet,324,418,0,255
memory_frames,01_final/memory_frames/final-memory-frames-07.png,C:\Ondukong\4Team-Project\output\chapter2-art\frame-contents\chapter2-frame-memory-inserts-v1.png,final-sheet,396,420,0,255
memory_frames,01_final/memory_frames/final-memory-frames-08.png,C:\Ondukong\4Team-Project\output\chapter2-art\frame-contents\chapter2-frame-memory-inserts-v1.png,final-sheet,396,412,0,255
enemies,01_final/enemies/final-enemy-02.png,C:\Ondukong\4Team-Project\output\chapter2-art\enemy-concepts\chapter2-core-enemy-erased-scribble-final-v1.png,final-manual-region,287,358,0,255
enemies,01_final/enemies/final-enemy-03.png,C:\Ondukong\4Team-Project\output\chapter2-art\enemy-concepts\chapter2-core-enemy-erased-scribble-final-v1.png,final-manual-region,384,358,0,255
enemies,01_final/enemies/final-enemy-04.png,C:\Ondukong\4Team-Project\output\chapter2-art\enemy-concepts\chapter2-core-enemy-erased-scribble-final-v1.png,final-manual-region,546,415,0,255
enemies,01_final/enemies/final-enemy-05.png,C:\Ondukong\4Team-Project\output\chapter2-art\enemy-concepts\chapter2-core-enemy-erased-scribble-final-v1.png,final-manual-region,204,217,0,255
enemies,01_final/enemies/final-enemy-06.png,C:\Ondukong\4Team-Project\output\chapter2-art\enemy-concepts\chapter2-core-enemy-erased-scribble-final-v1.png,final-manual-region,280,204,0,255
enemies,01_final/enemies/final-enemy-07.png,C:\Ondukong\4Team-Project\output\chapter2-art\enemy-concepts\chapter2-core-enemy-erased-scribble-final-v1.png,final-manual-region,250,241,0,255
enemies,01_final/enemies/final-enemy-08.png,C:\Ondukong\4Team-Project\output\chapter2-art\enemy-concepts\chapter2-core-enemy-erased-scribble-final-v1.png,final-manual-region,233,251,0,255
enemies,01_final/enemies/final-enemy-09.png,C:\Ondukong\4Team-Project\output\chapter2-art\enemy-concepts\chapter2-core-enemy-erased-scribble-final-v1.png,final-manual-region,143,164,0,255
enemies,01_final/enemies/final-enemy-10.png,C:\Ondukong\4Team-Project\output\chapter2-art\enemy-concepts\chapter2-core-enemy-erased-scribble-final-v1.png,final-manual-region,170,206,0,255
enemies,01_final/enemies/final-enemy-11.png,C:\Ondukong\4Team-Project\output\chapter2-art\enemy-concepts\chapter2-core-enemy-erased-scribble-final-v1.png,final-manual-region,226,284,0,255
enemies,01_final/enemies/final-enemy-01.png,C:\Users\Note-038\.codex\generated_images\01a0acd2-304b-7e20-8907-152159c50899\exec-3d835b0b-ce35-47b4-91dd-f62e2abbc6be.png,imagegen-background-extraction,1123,1065,0,255
boss_concepts,01_final/boss_concepts/final-boss-01.png,C:\Ondukong\4Team-Project\output\chapter2-art\boss-concepts\chapter2-boss-redesign-v2-dark-stage3.png,final-manual-region,436,510,0,255
boss_concepts,01_final/boss_concepts/final-boss-02.png,C:\Ondukong\4Team-Project\output\chapter2-art\boss-concepts\chapter2-boss-redesign-v2-dark-stage3.png,final-manual-region,775,745,0,255
boss_concepts,01_final/boss_concepts/final-boss-03.png,C:\Ondukong\4Team-Project\output\chapter2-art\boss-concepts\chapter2-boss-redesign-v2-dark-stage3.png,final-manual-region,435,482,0,255
boss_concepts,01_final/boss_concepts/final-boss-04.png,C:\Ondukong\4Team-Project\output\chapter2-art\boss-concepts\chapter2-boss-redesign-v2-dark-stage3.png,final-manual-region,525,314,0,255
boss_concepts,01_final/boss_concepts/final-boss-05.png,C:\Ondukong\4Team-Project\output\chapter2-art\boss-concepts\chapter2-boss-redesign-v2-dark-stage3.png,final-manual-region,460,289,0,255
boss_concepts,01_final/boss_concepts/final-boss-06.png,C:\Ondukong\4Team-Project\output\chapter2-art\boss-concepts\chapter2-boss-redesign-v2-dark-stage3.png,final-manual-region,581,297,0,255
player_idle,01_final/player/idle/idle-frame-01.png,C:\Ondukong\4Team-Project\output\chapter2-art\player-concepts\animation-v3-pivot-locked\idle\idle-frame-01.png,final-frame,237,486,0,255
player_idle,01_final/player/idle/idle-frame-02.png,C:\Ondukong\4Team-Project\output\chapter2-art\player-concepts\animation-v3-pivot-locked\idle\idle-frame-02.png,final-frame,235,486,0,255
player_idle,01_final/player/idle/idle-frame-03.png,C:\Ondukong\4Team-Project\output\chapter2-art\player-concepts\animation-v3-pivot-locked\idle\idle-frame-03.png,final-frame,231,486,0,255
player_idle,01_final/player/idle/idle-frame-04.png,C:\Ondukong\4Team-Project\output\chapter2-art\player-concepts\animation-v3-pivot-locked\idle\idle-frame-04.png,final-frame,239,486,0,255
player_idle,01_final/player/idle/idle-frame-05.png,C:\Ondukong\4Team-Project\output\chapter2-art\player-concepts\animation-v3-pivot-locked\idle\idle-frame-05.png,final-frame,241,486,0,255
player_idle,01_final/player/idle/idle-frame-06.png,C:\Ondukong\4Team-Project\output\chapter2-art\player-concepts\animation-v3-pivot-locked\idle\idle-frame-06.png,final-frame,238,486,0,255
player_walk,01_final/player/walk/walk-frame-01.png,C:\Ondukong\4Team-Project\output\chapter2-art\player-concepts\animation-v3-pivot-locked\walk\walk-frame-01.png,final-frame,263,487,0,255
player_walk,01_final/player/walk/walk-frame-02.png,C:\Ondukong\4Team-Project\output\chapter2-art\player-concepts\animation-v3-pivot-locked\walk\walk-frame-02.png,final-frame,244,487,0,255
player_walk,01_final/player/walk/walk-frame-03.png,C:\Ondukong\4Team-Project\output\chapter2-art\player-concepts\animation-v3-pivot-locked\walk\walk-frame-03.png,final-frame,229,487,0,255
player_walk,01_final/player/walk/walk-frame-04.png,C:\Ondukong\4Team-Project\output\chapter2-art\player-concepts\animation-v3-pivot-locked\walk\walk-frame-04.png,final-frame,248,487,0,255
player_walk,01_final/player/walk/walk-frame-05.png,C:\Ondukong\4Team-Project\output\chapter2-art\player-concepts\animation-v3-pivot-locked\walk\walk-frame-05.png,final-frame,287,484,0,255
player_walk,01_final/player/walk/walk-frame-06.png,C:\Ondukong\4Team-Project\output\chapter2-art\player-concepts\animation-v3-pivot-locked\walk\walk-frame-06.png,final-frame,254,485,0,255
player_walk,01_final/player/walk/walk-frame-07.png,C:\Ondukong\4Team-Project\output\chapter2-art\player-concepts\animation-v3-pivot-locked\walk\walk-frame-07.png,final-frame,229,485,0,255
player_walk,01_final/player/walk/walk-frame-08.png,C:\Ondukong\4Team-Project\output\chapter2-art\player-concepts\animation-v3-pivot-locked\walk\walk-frame-08.png,final-frame,248,485,0,255
player_jump,01_final/player/jump/jump-frame-01.png,C:\Ondukong\4Team-Project\output\chapter2-art\player-concepts\animation-v3-pivot-locked\jump\jump-frame-01.png,final-frame,358,399,0,255
player_jump,01_final/player/jump/jump-frame-02.png,C:\Ondukong\4Team-Project\output\chapter2-art\player-concepts\animation-v3-pivot-locked\jump\jump-frame-02.png,final-frame,342,446,0,255
player_jump,01_final/player/jump/jump-frame-03.png,C:\Ondukong\4Team-Project\output\chapter2-art\player-concepts\animation-v3-pivot-locked\jump\jump-frame-03.png,final-frame,322,431,0,255
player_jump,01_final/player/jump/jump-frame-04.png,C:\Ondukong\4Team-Project\output\chapter2-art\player-concepts\animation-v3-pivot-locked\jump\jump-frame-04.png,final-frame,335,402,0,255
player_jump,01_final/player/jump/jump-frame-05.png,C:\Ondukong\4Team-Project\output\chapter2-art\player-concepts\animation-v3-pivot-locked\jump\jump-frame-05.png,final-frame,321,456,0,255
player_jump,01_final/player/jump/jump-frame-06.png,C:\Ondukong\4Team-Project\output\chapter2-art\player-concepts\animation-v3-pivot-locked\jump\jump-frame-06.png,final-frame,357,379,0,255
boss_defeat_foreground,01_final/boss/defeat_foreground_20f/frame-01.png,C:\Ondukong\4Team-Project\output\chapter2-art\boss-concepts\animation\fall-dissolve-20\aseprite-layers-v8\foreground\frame-01.png,final-frame,384,365,0,255
boss_defeat_foreground,01_final/boss/defeat_foreground_20f/frame-02.png,C:\Ondukong\4Team-Project\output\chapter2-art\boss-concepts\animation\fall-dissolve-20\aseprite-layers-v8\foreground\frame-02.png,final-frame,384,316,0,255
boss_defeat_foreground,01_final/boss/defeat_foreground_20f/frame-03.png,C:\Ondukong\4Team-Project\output\chapter2-art\boss-concepts\animation\fall-dissolve-20\aseprite-layers-v8\foreground\frame-03.png,final-frame,384,317,0,255
boss_defeat_foreground,01_final/boss/defeat_foreground_20f/frame-04.png,C:\Ondukong\4Team-Project\output\chapter2-art\boss-concepts\animation\fall-dissolve-20\aseprite-layers-v8\foreground\frame-04.png,final-frame,384,321,0,255
boss_defeat_foreground,01_final/boss/defeat_foreground_20f/frame-05.png,C:\Ondukong\4Team-Project\output\chapter2-art\boss-concepts\animation\fall-dissolve-20\aseprite-layers-v8\foreground\frame-05.png,final-frame,384,318,0,255
boss_defeat_foreground,01_final/boss/defeat_foreground_20f/frame-06.png,C:\Ondukong\4Team-Project\output\chapter2-art\boss-concepts\animation\fall-dissolve-20\aseprite-layers-v8\foreground\frame-06.png,final-frame,384,322,0,255
boss_defeat_foreground,01_final/boss/defeat_foreground_20f/frame-07.png,C:\Ondukong\4Team-Project\output\chapter2-art\boss-concepts\animation\fall-dissolve-20\aseprite-layers-v8\foreground\frame-07.png,final-frame,384,317,0,255
boss_defeat_foreground,01_final/boss/defeat_foreground_20f/frame-08.png,C:\Ondukong\4Team-Project\output\chapter2-art\boss-concepts\animation\fall-dissolve-20\aseprite-layers-v8\foreground\frame-08.png,final-frame,384,316,0,255
boss_defeat_foreground,01_final/boss/defeat_foreground_20f/frame-09.png,C:\Ondukong\4Team-Project\output\chapter2-art\boss-concepts\animation\fall-dissolve-20\aseprite-layers-v8\foreground\frame-09.png,final-frame,384,307,0,255
boss_defeat_foreground,01_final/boss/defeat_foreground_20f/frame-10.png,C:\Ondukong\4Team-Project\output\chapter2-art\boss-concepts\animation\fall-dissolve-20\aseprite-layers-v8\foreground\frame-10.png,final-frame,384,313,0,255
boss_defeat_foreground,01_final/boss/defeat_foreground_20f/frame-11.png,C:\Ondukong\4Team-Project\output\chapter2-art\boss-concepts\animation\fall-dissolve-20\aseprite-layers-v8\foreground\frame-11.png,final-frame,384,307,0,255
boss_defeat_foreground,01_final/boss/defeat_foreground_20f/frame-12.png,C:\Ondukong\4Team-Project\output\chapter2-art\boss-concepts\animation\fall-dissolve-20\aseprite-layers-v8\foreground\frame-12.png,final-frame,384,331,0,255
boss_defeat_foreground,01_final/boss/defeat_foreground_20f/frame-13.png,C:\Ondukong\4Team-Project\output\chapter2-art\boss-concepts\animation\fall-dissolve-20\aseprite-layers-v8\foreground\frame-13.png,final-frame,384,303,0,255
boss_defeat_foreground,01_final/boss/defeat_foreground_20f/frame-14.png,C:\Ondukong\4Team-Project\output\chapter2-art\boss-concepts\animation\fall-dissolve-20\aseprite-layers-v8\foreground\frame-14.png,final-frame,384,304,0,255
boss_defeat_foreground,01_final/boss/defeat_foreground_20f/frame-15.png,C:\Ondukong\4Team-Project\output\chapter2-art\boss-concepts\animation\fall-dissolve-20\aseprite-layers-v8\foreground\frame-15.png,final-frame,384,304,0,255
boss_defeat_foreground,01_final/boss/defeat_foreground_20f/frame-16.png,C:\Ondukong\4Team-Project\output\chapter2-art\boss-concepts\animation\fall-dissolve-20\aseprite-layers-v8\foreground\frame-16.png,final-frame,384,304,0,255
boss_defeat_foreground,01_final/boss/defeat_foreground_20f/frame-17.png,C:\Ondukong\4Team-Project\output\chapter2-art\boss-concepts\animation\fall-dissolve-20\aseprite-layers-v8\foreground\frame-17.png,final-frame,384,250,0,255
boss_defeat_foreground,01_final/boss/defeat_foreground_20f/frame-18.png,C:\Ondukong\4Team-Project\output\chapter2-art\boss-concepts\animation\fall-dissolve-20\aseprite-layers-v8\foreground\frame-18.png,final-frame,384,277,0,255
boss_defeat_foreground,01_final/boss/defeat_foreground_20f/frame-19.png,C:\Ondukong\4Team-Project\output\chapter2-art\boss-concepts\animation\fall-dissolve-20\aseprite-layers-v8\foreground\frame-19.png,final-frame,384,228,0,255
boss_defeat_foreground,01_final/boss/defeat_foreground_20f/frame-20.png,C:\Ondukong\4Team-Project\output\chapter2-art\boss-concepts\animation\fall-dissolve-20\aseprite-layers-v8\foreground\frame-20.png,final-frame,384,151,0,255
player_concept,01_final/player/concept/player-concept-01.png,C:\Users\Note-038\.codex\generated_images\01a0acd2-304b-7e20-8907-152159c50899\exec-01a13ea1-d1d0-4e2f-9104-63956ba6796c.png,imagegen-background-extraction,667,1430,0,255
player_concept,01_final/player/concept/player-concept-02.png,C:\Users\Note-038\.codex\generated_images\01a0acd2-304b-7e20-8907-152159c50899\exec-1ce184e5-2606-4f4d-b4d1-23c0e4c7cbfe.png,imagegen-background-extraction,641,1314,0,254
memory_sister,02_all_generated_cutouts/memory_sister/memory-sister-02d1a0f3-01.png,C:\Users\Note-038\.codex\generated_images\01a0acd2-304b-7e20-8907-152159c50899\exec-02d1a0f3-2022-4e13-846d-2e8fec3f868b.png,generated-sheet,476,645,0,255
memory_sister,02_all_generated_cutouts/memory_sister/memory-sister-02d1a0f3-02.png,C:\Users\Note-038\.codex\generated_images\01a0acd2-304b-7e20-8907-152159c50899\exec-02d1a0f3-2022-4e13-846d-2e8fec3f868b.png,generated-sheet,470,618,0,255
memory_sister,02_all_generated_cutouts/memory_sister/memory-sister-02d1a0f3-03.png,C:\Users\Note-038\.codex\generated_images\01a0acd2-304b-7e20-8907-152159c50899\exec-02d1a0f3-2022-4e13-846d-2e8fec3f868b.png,generated-sheet,494,634,0,255
memory_sister,02_all_generated_cutouts/memory_sister/memory-sister-02d1a0f3-04.png,C:\Users\Note-038\.codex\generated_images\01a0acd2-304b-7e20-8907-152159c50899\exec-02d1a0f3-2022-4e13-846d-2e8fec3f868b.png,generated-sheet,704,369,0,255
memory_family,02_all_generated_cutouts/memory_family/memory-family-281304d0-01.png,C:\Users\Note-038\.codex\generated_images\01a0acd2-304b-7e20-8907-152159c50899\exec-281304d0-920e-4b04-9261-3126018f8933.png,generated-sheet,2170,493,0,255
frames,02_all_generated_cutouts/frames/frames-284bd788-01.png,C:\Users\Note-038\.codex\generated_images\01a0acd2-304b-7e20-8907-152159c50899\exec-284bd788-b95d-4e8d-b904-03a1864c4ab5.png,generated-sheet,520,624,0,255
frames,02_all_generated_cutouts/frames/frames-284bd788-02.png,C:\Users\Note-038\.codex\generated_images\01a0acd2-304b-7e20-8907-152159c50899\exec-284bd788-b95d-4e8d-b904-03a1864c4ab5.png,generated-sheet,520,624,0,255
frames,02_all_generated_cutouts/frames/frames-284bd788-03.png,C:\Users\Note-038\.codex\generated_images\01a0acd2-304b-7e20-8907-152159c50899\exec-284bd788-b95d-4e8d-b904-03a1864c4ab5.png,generated-sheet,520,624,0,255
frames,02_all_generated_cutouts/frames/frames-284bd788-04.png,C:\Users\Note-038\.codex\generated_images\01a0acd2-304b-7e20-8907-152159c50899\exec-284bd788-b95d-4e8d-b904-03a1864c4ab5.png,generated-sheet,517,624,0,255
boss_animation_concepts,02_all_generated_cutouts/boss_animation_concepts/boss-animation-concepts-2dcd6513-01.png,C:\Users\Note-038\.codex\generated_images\01a0acd2-304b-7e20-8907-152159c50899\exec-2dcd6513-aba6-4d69-bcb2-c044cdcd33eb.png,generated-sheet,1254,850,0,255
enemies,02_all_generated_cutouts/enemies/enemies-348a4cda-01.png,C:\Users\Note-038\.codex\generated_images\01a0acd2-304b-7e20-8907-152159c50899\exec-348a4cda-0659-45b6-a532-6e97004d810e.png,generated-sheet,64,80,0,255
enemies,02_all_generated_cutouts/enemies/enemies-348a4cda-02.png,C:\Users\Note-038\.codex\generated_images\01a0acd2-304b-7e20-8907-152159c50899\exec-348a4cda-0659-45b6-a532-6e97004d810e.png,generated-sheet,434,462,0,255
enemies,02_all_generated_cutouts/enemies/enemies-348a4cda-03.png,C:\Users\Note-038\.codex\generated_images\01a0acd2-304b-7e20-8907-152159c50899\exec-348a4cda-0659-45b6-a532-6e97004d810e.png,generated-sheet,436,456,0,255
enemies,02_all_generated_cutouts/enemies/enemies-348a4cda-04.png,C:\Users\Note-038\.codex\generated_images\01a0acd2-304b-7e20-8907-152159c50899\exec-348a4cda-0659-45b6-a532-6e97004d810e.png,generated-sheet,450,422,0,255
flashlights,02_all_generated_cutouts/flashlights/flashlights-3780137d-01.png,C:\Users\Note-038\.codex\generated_images\01a0acd2-304b-7e20-8907-152159c50899\exec-3780137d-de65-4970-a2f9-8b6574c50b52.png,generated-sheet,410,335,0,255
flashlights,02_all_generated_cutouts/flashlights/flashlights-3780137d-02.png,C:\Users\Note-038\.codex\generated_images\01a0acd2-304b-7e20-8907-152159c50899\exec-3780137d-de65-4970-a2f9-8b6574c50b52.png,generated-sheet,417,331,0,255
flashlights,02_all_generated_cutouts/flashlights/flashlights-3780137d-03.png,C:\Users\Note-038\.codex\generated_images\01a0acd2-304b-7e20-8907-152159c50899\exec-3780137d-de65-4970-a2f9-8b6574c50b52.png,generated-sheet,424,210,0,255
flashlights,02_all_generated_cutouts/flashlights/flashlights-3780137d-04.png,C:\Users\Note-038\.codex\generated_images\01a0acd2-304b-7e20-8907-152159c50899\exec-3780137d-de65-4970-a2f9-8b6574c50b52.png,generated-sheet,424,208,0,255
memory_sister,02_all_generated_cutouts/memory_sister/memory-sister-39ae95b9-01.png,C:\Users\Note-038\.codex\generated_images\01a0acd2-304b-7e20-8907-152159c50899\exec-39ae95b9-8594-4941-b979-b7f63220481b.png,generated-sheet,486,628,0,255
memory_sister,02_all_generated_cutouts/memory_sister/memory-sister-39ae95b9-02.png,C:\Users\Note-038\.codex\generated_images\01a0acd2-304b-7e20-8907-152159c50899\exec-39ae95b9-8594-4941-b979-b7f63220481b.png,generated-sheet,478,643,0,255
memory_sister,02_all_generated_cutouts/memory_sister/memory-sister-39ae95b9-03.png,C:\Users\Note-038\.codex\generated_images\01a0acd2-304b-7e20-8907-152159c50899\exec-39ae95b9-8594-4941-b979-b7f63220481b.png,generated-sheet,500,646,0,255
memory_sister,02_all_generated_cutouts/memory_sister/memory-sister-39ae95b9-04.png,C:\Users\Note-038\.codex\generated_images\01a0acd2-304b-7e20-8907-152159c50899\exec-39ae95b9-8594-4941-b979-b7f63220481b.png,generated-sheet,588,355,0,255
memory_sister_pixel,02_all_generated_cutouts/memory_sister_pixel/memory-sister-pixel-45cce1cf-01.png,C:\Users\Note-038\.codex\generated_images\01a0acd2-304b-7e20-8907-152159c50899\exec-45cce1cf-f0ff-4418-a28c-7db178a53c43.png,generated-sheet,478,639,0,255
memory_sister_pixel,02_all_generated_cutouts/memory_sister_pixel/memory-sister-pixel-45cce1cf-02.png,C:\Users\Note-038\.codex\generated_images\01a0acd2-304b-7e20-8907-152159c50899\exec-45cce1cf-f0ff-4418-a28c-7db178a53c43.png,generated-sheet,474,608,0,255
memory_sister_pixel,02_all_generated_cutouts/memory_sister_pixel/memory-sister-pixel-45cce1cf-03.png,C:\Users\Note-038\.codex\generated_images\01a0acd2-304b-7e20-8907-152159c50899\exec-45cce1cf-f0ff-4418-a28c-7db178a53c43.png,generated-sheet,490,612,0,255
memory_sister_pixel,02_all_generated_cutouts/memory_sister_pixel/memory-sister-pixel-45cce1cf-04.png,C:\Users\Note-038\.codex\generated_images\01a0acd2-304b-7e20-8907-152159c50899\exec-45cce1cf-f0ff-4418-a28c-7db178a53c43.png,generated-sheet,612,375,0,255
scribble_decals,02_all_generated_cutouts/scribble_decals/scribble-decals-4ad90679-01.png,C:\Users\Note-038\.codex\generated_images\01a0acd2-304b-7e20-8907-152159c50899\exec-4ad90679-77a3-4904-b98f-2987cf7fe50e.png,generated-sheet,379,396,0,254
scribble_decals,02_all_generated_cutouts/scribble_decals/scribble-decals-4ad90679-02.png,C:\Users\Note-038\.codex\generated_images\01a0acd2-304b-7e20-8907-152159c50899\exec-4ad90679-77a3-4904-b98f-2987cf7fe50e.png,generated-sheet,339,423,0,254
scribble_decals,02_all_generated_cutouts/scribble_decals/scribble-decals-4ad90679-03.png,C:\Users\Note-038\.codex\generated_images\01a0acd2-304b-7e20-8907-152159c50899\exec-4ad90679-77a3-4904-b98f-2987cf7fe50e.png,generated-sheet,393,381,0,254
scribble_decals,02_all_generated_cutouts/scribble_decals/scribble-decals-4ad90679-04.png,C:\Users\Note-038\.codex\generated_images\01a0acd2-304b-7e20-8907-152159c50899\exec-4ad90679-77a3-4904-b98f-2987cf7fe50e.png,generated-sheet,445,247,0,254
scribble_decals,02_all_generated_cutouts/scribble_decals/scribble-decals-4ad90679-05.png,C:\Users\Note-038\.codex\generated_images\01a0acd2-304b-7e20-8907-152159c50899\exec-4ad90679-77a3-4904-b98f-2987cf7fe50e.png,generated-sheet,471,242,0,254
scribble_decals,02_all_generated_cutouts/scribble_decals/scribble-decals-4ad90679-06.png,C:\Users\Note-038\.codex\generated_images\01a0acd2-304b-7e20-8907-152159c50899\exec-4ad90679-77a3-4904-b98f-2987cf7fe50e.png,generated-sheet,45,44,0,254
scribble_decals,02_all_generated_cutouts/scribble_decals/scribble-decals-4ad90679-07.png,C:\Users\Note-038\.codex\generated_images\01a0acd2-304b-7e20-8907-152159c50899\exec-4ad90679-77a3-4904-b98f-2987cf7fe50e.png,generated-sheet,268,307,0,254
scribble_decals,02_all_generated_cutouts/scribble_decals/scribble-decals-4ad90679-08.png,C:\Users\Note-038\.codex\generated_images\01a0acd2-304b-7e20-8907-152159c50899\exec-4ad90679-77a3-4904-b98f-2987cf7fe50e.png,generated-sheet,330,304,0,254
scribble_decals,02_all_generated_cutouts/scribble_decals/scribble-decals-4ad90679-09.png,C:\Users\Note-038\.codex\generated_images\01a0acd2-304b-7e20-8907-152159c50899\exec-4ad90679-77a3-4904-b98f-2987cf7fe50e.png,generated-sheet,331,272,0,254
scribble_decals,02_all_generated_cutouts/scribble_decals/scribble-decals-4ad90679-10.png,C:\Users\Note-038\.codex\generated_images\01a0acd2-304b-7e20-8907-152159c50899\exec-4ad90679-77a3-4904-b98f-2987cf7fe50e.png,generated-sheet,334,291,0,254
scribble_decals,02_all_generated_cutouts/scribble_decals/scribble-decals-4ad90679-11.png,C:\Users\Note-038\.codex\generated_images\01a0acd2-304b-7e20-8907-152159c50899\exec-4ad90679-77a3-4904-b98f-2987cf7fe50e.png,generated-sheet,37,40,0,248
scribble_decals,02_all_generated_cutouts/scribble_decals/scribble-decals-4ad90679-12.png,C:\Users\Note-038\.codex\generated_images\01a0acd2-304b-7e20-8907-152159c50899\exec-4ad90679-77a3-4904-b98f-2987cf7fe50e.png,generated-sheet,280,289,0,254
boss_concepts,02_all_generated_cutouts/boss_concepts/boss-concepts-5106ff20-01.png,C:\Users\Note-038\.codex\generated_images\01a0acd2-304b-7e20-8907-152159c50899\exec-5106ff20-6db7-4eed-bd27-c65399c70f2c.png,generated-sheet,1308,1024,0,255
boss_concepts,02_all_generated_cutouts/boss_concepts/boss-concepts-5106ff20-02.png,C:\Users\Note-038\.codex\generated_images\01a0acd2-304b-7e20-8907-152159c50899\exec-5106ff20-6db7-4eed-bd27-c65399c70f2c.png,generated-sheet,455,495,0,255
boss_concepts,02_all_generated_cutouts/boss_concepts/boss-concepts-5106ff20-03.png,C:\Users\Note-038\.codex\generated_images\01a0acd2-304b-7e20-8907-152159c50899\exec-5106ff20-6db7-4eed-bd27-c65399c70f2c.png,generated-sheet,569,363,0,255
light_effects,02_all_generated_cutouts/light_effects/light-effects-57736ba5-01.png,C:\Users\Note-038\.codex\generated_images\01a0acd2-304b-7e20-8907-152159c50899\exec-57736ba5-50cc-476b-9ed1-d2fda619a429.png,generated-sheet,244,243,0,254
light_effects,02_all_generated_cutouts/light_effects/light-effects-57736ba5-02.png,C:\Users\Note-038\.codex\generated_images\01a0acd2-304b-7e20-8907-152159c50899\exec-57736ba5-50cc-476b-9ed1-d2fda619a429.png,generated-sheet,394,223,0,254
light_effects,02_all_generated_cutouts/light_effects/light-effects-57736ba5-03.png,C:\Users\Note-038\.codex\generated_images\01a0acd2-304b-7e20-8907-152159c50899\exec-57736ba5-50cc-476b-9ed1-d2fda619a429.png,generated-sheet,755,292,0,254
light_effects,02_all_generated_cutouts/light_effects/light-effects-57736ba5-04.png,C:\Users\Note-038\.codex\generated_images\01a0acd2-304b-7e20-8907-152159c50899\exec-57736ba5-50cc-476b-9ed1-d2fda619a429.png,generated-sheet,1340,214,0,254
enemies,02_all_generated_cutouts/enemies/enemies-5e7c2066-01.png,C:\Users\Note-038\.codex\generated_images\01a0acd2-304b-7e20-8907-152159c50899\exec-5e7c2066-4e46-4795-b53d-422c765bcb5e.png,generated-sheet,406,433,0,255
enemies,02_all_generated_cutouts/enemies/enemies-5e7c2066-02.png,C:\Users\Note-038\.codex\generated_images\01a0acd2-304b-7e20-8907-152159c50899\exec-5e7c2066-4e46-4795-b53d-422c765bcb5e.png,generated-sheet,328,362,0,255
enemies,02_all_generated_cutouts/enemies/enemies-5e7c2066-03.png,C:\Users\Note-038\.codex\generated_images\01a0acd2-304b-7e20-8907-152159c50899\exec-5e7c2066-4e46-4795-b53d-422c765bcb5e.png,generated-sheet,420,290,0,255
enemies,02_all_generated_cutouts/enemies/enemies-5e7c2066-04.png,C:\Users\Note-038\.codex\generated_images\01a0acd2-304b-7e20-8907-152159c50899\exec-5e7c2066-4e46-4795-b53d-422c765bcb5e.png,generated-sheet,432,443,0,255
enemies,02_all_generated_cutouts/enemies/enemies-5e7c2066-05.png,C:\Users\Note-038\.codex\generated_images\01a0acd2-304b-7e20-8907-152159c50899\exec-5e7c2066-4e46-4795-b53d-422c765bcb5e.png,generated-sheet,378,408,0,255
enemies,02_all_generated_cutouts/enemies/enemies-5e7c2066-06.png,C:\Users\Note-038\.codex\generated_images\01a0acd2-304b-7e20-8907-152159c50899\exec-5e7c2066-4e46-4795-b53d-422c765bcb5e.png,generated-sheet,444,356,0,255
boss_animation_concepts,02_all_generated_cutouts/boss_animation_concepts/boss-animation-concepts-62f2a2ba-01.png,C:\Users\Note-038\.codex\generated_images\01a0acd2-304b-7e20-8907-152159c50899\exec-62f2a2ba-4c3f-4566-820a-51e0ee69d2db.png,generated-sheet,322,306,0,255
boss_animation_concepts,02_all_generated_cutouts/boss_animation_concepts/boss-animation-concepts-62f2a2ba-02.png,C:\Users\Note-038\.codex\generated_images\01a0acd2-304b-7e20-8907-152159c50899\exec-62f2a2ba-4c3f-4566-820a-51e0ee69d2db.png,generated-sheet,636,283,0,255
boss_animation_concepts,02_all_generated_cutouts/boss_animation_concepts/boss-animation-concepts-62f2a2ba-03.png,C:\Users\Note-038\.codex\generated_images\01a0acd2-304b-7e20-8907-152159c50899\exec-62f2a2ba-4c3f-4566-820a-51e0ee69d2db.png,generated-sheet,308,283,0,255
boss_animation_concepts,02_all_generated_cutouts/boss_animation_concepts/boss-animation-concepts-62f2a2ba-04.png,C:\Users\Note-038\.codex\generated_images\01a0acd2-304b-7e20-8907-152159c50899\exec-62f2a2ba-4c3f-4566-820a-51e0ee69d2db.png,generated-sheet,1254,275,0,255
boss_animation_concepts,02_all_generated_cutouts/boss_animation_concepts/boss-animation-concepts-62f2a2ba-05.png,C:\Users\Note-038\.codex\generated_images\01a0acd2-304b-7e20-8907-152159c50899\exec-62f2a2ba-4c3f-4566-820a-51e0ee69d2db.png,generated-sheet,1254,269,0,255
boss_animation_concepts,02_all_generated_cutouts/boss_animation_concepts/boss-animation-concepts-62f2a2ba-06.png,C:\Users\Note-038\.codex\generated_images\01a0acd2-304b-7e20-8907-152159c50899\exec-62f2a2ba-4c3f-4566-820a-51e0ee69d2db.png,generated-sheet,123,154,0,255
boss_animation_concepts,02_all_generated_cutouts/boss_animation_concepts/boss-animation-concepts-62f2a2ba-07.png,C:\Users\Note-038\.codex\generated_images\01a0acd2-304b-7e20-8907-152159c50899\exec-62f2a2ba-4c3f-4566-820a-51e0ee69d2db.png,generated-sheet,302,231,0,255
boss_animation_concepts,02_all_generated_cutouts/boss_animation_concepts/boss-animation-concepts-62f2a2ba-08.png,C:\Users\Note-038\.codex\generated_images\01a0acd2-304b-7e20-8907-152159c50899\exec-62f2a2ba-4c3f-4566-820a-51e0ee69d2db.png,generated-sheet,126,138,0,255
boss_animation_concepts,02_all_generated_cutouts/boss_animation_concepts/boss-animation-concepts-62f2a2ba-09.png,C:\Users\Note-038\.codex\generated_images\01a0acd2-304b-7e20-8907-152159c50899\exec-62f2a2ba-4c3f-4566-820a-51e0ee69d2db.png,generated-sheet,127,130,0,255
boss_animation_concepts,02_all_generated_cutouts/boss_animation_concepts/boss-animation-concepts-62f2a2ba-10.png,C:\Users\Note-038\.codex\generated_images\01a0acd2-304b-7e20-8907-152159c50899\exec-62f2a2ba-4c3f-4566-820a-51e0ee69d2db.png,generated-sheet,300,234,0,255
boss_animation_concepts,02_all_generated_cutouts/boss_animation_concepts/boss-animation-concepts-62f2a2ba-11.png,C:\Users\Note-038\.codex\generated_images\01a0acd2-304b-7e20-8907-152159c50899\exec-62f2a2ba-4c3f-4566-820a-51e0ee69d2db.png,generated-sheet,300,230,0,255
boss_animation_concepts,02_all_generated_cutouts/boss_animation_concepts/boss-animation-concepts-62f2a2ba-12.png,C:\Users\Note-038\.codex\generated_images\01a0acd2-304b-7e20-8907-152159c50899\exec-62f2a2ba-4c3f-4566-820a-51e0ee69d2db.png,generated-sheet,100,123,0,255
boss_animation_concepts,02_all_generated_cutouts/boss_animation_concepts/boss-animation-concepts-62f2a2ba-13.png,C:\Users\Note-038\.codex\generated_images\01a0acd2-304b-7e20-8907-152159c50899\exec-62f2a2ba-4c3f-4566-820a-51e0ee69d2db.png,generated-sheet,301,130,0,255
enemies,02_all_generated_cutouts/enemies/enemies-69a7990d-01.png,C:\Users\Note-038\.codex\generated_images\01a0acd2-304b-7e20-8907-152159c50899\exec-69a7990d-0ff1-44fc-a59d-6816a17061f7.png,generated-sheet,1536,1008,0,253
memory_sister_pixel,02_all_generated_cutouts/memory_sister_pixel/memory-sister-pixel-74f09a2e-01.png,C:\Users\Note-038\.codex\generated_images\01a0acd2-304b-7e20-8907-152159c50899\exec-74f09a2e-ee33-4e69-a6f6-88d50ad88aee.png,generated-sheet,480,639,0,255
memory_sister_pixel,02_all_generated_cutouts/memory_sister_pixel/memory-sister-pixel-74f09a2e-02.png,C:\Users\Note-038\.codex\generated_images\01a0acd2-304b-7e20-8907-152159c50899\exec-74f09a2e-ee33-4e69-a6f6-88d50ad88aee.png,generated-sheet,474,608,0,255
memory_sister_pixel,02_all_generated_cutouts/memory_sister_pixel/memory-sister-pixel-74f09a2e-03.png,C:\Users\Note-038\.codex\generated_images\01a0acd2-304b-7e20-8907-152159c50899\exec-74f09a2e-ee33-4e69-a6f6-88d50ad88aee.png,generated-sheet,490,612,0,255
memory_sister_pixel,02_all_generated_cutouts/memory_sister_pixel/memory-sister-pixel-74f09a2e-04.png,C:\Users\Note-038\.codex\generated_images\01a0acd2-304b-7e20-8907-152159c50899\exec-74f09a2e-ee33-4e69-a6f6-88d50ad88aee.png,generated-sheet,706,373,0,255
memory_frames,02_all_generated_cutouts/memory_frames/memory-frames-7e52af49-01.png,C:\Users\Note-038\.codex\generated_images\01a0acd2-304b-7e20-8907-152159c50899\exec-7e52af49-75f7-4967-8a8f-48237b9fab64.png,generated-sheet,347,434,0,255
memory_frames,02_all_generated_cutouts/memory_frames/memory-frames-7e52af49-02.png,C:\Users\Note-038\.codex\generated_images\01a0acd2-304b-7e20-8907-152159c50899\exec-7e52af49-75f7-4967-8a8f-48237b9fab64.png,generated-sheet,358,430,0,255
memory_frames,02_all_generated_cutouts/memory_frames/memory-frames-7e52af49-03.png,C:\Users\Note-038\.codex\generated_images\01a0acd2-304b-7e20-8907-152159c50899\exec-7e52af49-75f7-4967-8a8f-48237b9fab64.png,generated-sheet,405,422,0,255
memory_frames,02_all_generated_cutouts/memory_frames/memory-frames-7e52af49-04.png,C:\Users\Note-038\.codex\generated_images\01a0acd2-304b-7e20-8907-152159c50899\exec-7e52af49-75f7-4967-8a8f-48237b9fab64.png,generated-sheet,417,424,0,255
memory_frames,02_all_generated_cutouts/memory_frames/memory-frames-7e52af49-05.png,C:\Users\Note-038\.codex\generated_images\01a0acd2-304b-7e20-8907-152159c50899\exec-7e52af49-75f7-4967-8a8f-48237b9fab64.png,generated-sheet,356,420,0,255
memory_frames,02_all_generated_cutouts/memory_frames/memory-frames-7e52af49-06.png,C:\Users\Note-038\.codex\generated_images\01a0acd2-304b-7e20-8907-152159c50899\exec-7e52af49-75f7-4967-8a8f-48237b9fab64.png,generated-sheet,324,418,0,255
memory_frames,02_all_generated_cutouts/memory_frames/memory-frames-7e52af49-07.png,C:\Users\Note-038\.codex\generated_images\01a0acd2-304b-7e20-8907-152159c50899\exec-7e52af49-75f7-4967-8a8f-48237b9fab64.png,generated-sheet,396,420,0,255
memory_frames,02_all_generated_cutouts/memory_frames/memory-frames-7e52af49-08.png,C:\Users\Note-038\.codex\generated_images\01a0acd2-304b-7e20-8907-152159c50899\exec-7e52af49-75f7-4967-8a8f-48237b9fab64.png,generated-sheet,396,412,0,255
enemies,02_all_generated_cutouts/enemies/enemies-832015a9-01.png,C:\Users\Note-038\.codex\generated_images\01a0acd2-304b-7e20-8907-152159c50899\exec-832015a9-e2cf-408d-b727-ab2809a15d2f.png,generated-sheet,74,89,0,255
enemies,02_all_generated_cutouts/enemies/enemies-832015a9-02.png,C:\Users\Note-038\.codex\generated_images\01a0acd2-304b-7e20-8907-152159c50899\exec-832015a9-e2cf-408d-b727-ab2809a15d2f.png,generated-sheet,109,60,0,254
enemies,02_all_generated_cutouts/enemies/enemies-832015a9-03.png,C:\Users\Note-038\.codex\generated_images\01a0acd2-304b-7e20-8907-152159c50899\exec-832015a9-e2cf-408d-b727-ab2809a15d2f.png,generated-sheet,414,410,0,255
enemies,02_all_generated_cutouts/enemies/enemies-832015a9-04.png,C:\Users\Note-038\.codex\generated_images\01a0acd2-304b-7e20-8907-152159c50899\exec-832015a9-e2cf-408d-b727-ab2809a15d2f.png,generated-sheet,340,424,0,255
enemies,02_all_generated_cutouts/enemies/enemies-832015a9-05.png,C:\Users\Note-038\.codex\generated_images\01a0acd2-304b-7e20-8907-152159c50899\exec-832015a9-e2cf-408d-b727-ab2809a15d2f.png,generated-sheet,488,380,0,255
boss_concepts,02_all_generated_cutouts/boss_concepts/boss-concepts-83d4fdf1-01.png,C:\Users\Note-038\.codex\generated_images\01a0acd2-304b-7e20-8907-152159c50899\exec-83d4fdf1-9bdb-4fda-ae50-f8c2784b1130.png,generated-sheet,536,1014,0,255
boss_concepts,02_all_generated_cutouts/boss_concepts/boss-concepts-83d4fdf1-02.png,C:\Users\Note-038\.codex\generated_images\01a0acd2-304b-7e20-8907-152159c50899\exec-83d4fdf1-9bdb-4fda-ae50-f8c2784b1130.png,generated-sheet,438,532,0,255
boss_concepts,02_all_generated_cutouts/boss_concepts/boss-concepts-83d4fdf1-03.png,C:\Users\Note-038\.codex\generated_images\01a0acd2-304b-7e20-8907-152159c50899\exec-83d4fdf1-9bdb-4fda-ae50-f8c2784b1130.png,generated-sheet,348,520,0,255
boss_concepts,02_all_generated_cutouts/boss_concepts/boss-concepts-83d4fdf1-04.png,C:\Users\Note-038\.codex\generated_images\01a0acd2-304b-7e20-8907-152159c50899\exec-83d4fdf1-9bdb-4fda-ae50-f8c2784b1130.png,generated-sheet,334,372,0,255
boss_concepts,02_all_generated_cutouts/boss_concepts/boss-concepts-83d4fdf1-05.png,C:\Users\Note-038\.codex\generated_images\01a0acd2-304b-7e20-8907-152159c50899\exec-83d4fdf1-9bdb-4fda-ae50-f8c2784b1130.png,generated-sheet,460,356,0,255
enemies,02_all_generated_cutouts/enemies/enemies-996d52cc-01.png,C:\Users\Note-038\.codex\generated_images\01a0acd2-304b-7e20-8907-152159c50899\exec-996d52cc-c47a-4f11-89b1-e9cf3abffece.png,generated-sheet,392,376,0,255
enemies,02_all_generated_cutouts/enemies/enemies-996d52cc-02.png,C:\Users\Note-038\.codex\generated_images\01a0acd2-304b-7e20-8907-152159c50899\exec-996d52cc-c47a-4f11-89b1-e9cf3abffece.png,generated-sheet,330,392,0,255
enemies,02_all_generated_cutouts/enemies/enemies-996d52cc-03.png,C:\Users\Note-038\.codex\generated_images\01a0acd2-304b-7e20-8907-152159c50899\exec-996d52cc-c47a-4f11-89b1-e9cf3abffece.png,generated-sheet,452,362,0,255
enemies,02_all_generated_cutouts/enemies/enemies-996d52cc-04.png,C:\Users\Note-038\.codex\generated_images\01a0acd2-304b-7e20-8907-152159c50899\exec-996d52cc-c47a-4f11-89b1-e9cf3abffece.png,generated-sheet,414,410,0,255
enemies,02_all_generated_cutouts/enemies/enemies-996d52cc-05.png,C:\Users\Note-038\.codex\generated_images\01a0acd2-304b-7e20-8907-152159c50899\exec-996d52cc-c47a-4f11-89b1-e9cf3abffece.png,generated-sheet,340,424,0,255
enemies,02_all_generated_cutouts/enemies/enemies-996d52cc-06.png,C:\Users\Note-038\.codex\generated_images\01a0acd2-304b-7e20-8907-152159c50899\exec-996d52cc-c47a-4f11-89b1-e9cf3abffece.png,generated-sheet,488,380,0,255
scene_backgrounds,03_scene_backgrounds/scene_backgrounds/exec-a358660f-aa56-4c00-ba6a-da079412c165.png,C:\Users\Note-038\.codex\generated_images\01a0acd2-304b-7e20-8907-152159c50899\exec-a358660f-aa56-4c00-ba6a-da079412c165.png,background-content,1254,1254,N/A,N/A
memory_sister,02_all_generated_cutouts/memory_sister/memory-sister-a6b5abd0-01.png,C:\Users\Note-038\.codex\generated_images\01a0acd2-304b-7e20-8907-152159c50899\exec-a6b5abd0-64ac-4151-8fcf-0f24e878645c.png,generated-sheet,476,647,0,255
memory_sister,02_all_generated_cutouts/memory_sister/memory-sister-a6b5abd0-02.png,C:\Users\Note-038\.codex\generated_images\01a0acd2-304b-7e20-8907-152159c50899\exec-a6b5abd0-64ac-4151-8fcf-0f24e878645c.png,generated-sheet,486,630,0,255
memory_sister,02_all_generated_cutouts/memory_sister/memory-sister-a6b5abd0-03.png,C:\Users\Note-038\.codex\generated_images\01a0acd2-304b-7e20-8907-152159c50899\exec-a6b5abd0-64ac-4151-8fcf-0f24e878645c.png,generated-sheet,500,646,0,255
memory_sister,02_all_generated_cutouts/memory_sister/memory-sister-a6b5abd0-04.png,C:\Users\Note-038\.codex\generated_images\01a0acd2-304b-7e20-8907-152159c50899\exec-a6b5abd0-64ac-4151-8fcf-0f24e878645c.png,generated-sheet,588,357,0,255
scene_mockups,03_scene_backgrounds/scene_mockups/exec-b20bc8ba-7432-479a-966d-f99e5a0243d4.png,C:\Users\Note-038\.codex\generated_images\01a0acd2-304b-7e20-8907-152159c50899\exec-b20bc8ba-7432-479a-966d-f99e5a0243d4.png,background-content,1672,941,N/A,N/A
crack_decals,02_all_generated_cutouts/crack_decals/crack-decals-b249e73a-01.png,C:\Users\Note-038\.codex\generated_images\01a0acd2-304b-7e20-8907-152159c50899\exec-b249e73a-c0a0-4567-a310-152bce1bbd1a.png,generated-sheet,356,407,0,255
crack_decals,02_all_generated_cutouts/crack_decals/crack-decals-b249e73a-02.png,C:\Users\Note-038\.codex\generated_images\01a0acd2-304b-7e20-8907-152159c50899\exec-b249e73a-c0a0-4567-a310-152bce1bbd1a.png,generated-sheet,363,402,0,255
crack_decals,02_all_generated_cutouts/crack_decals/crack-decals-b249e73a-03.png,C:\Users\Note-038\.codex\generated_images\01a0acd2-304b-7e20-8907-152159c50899\exec-b249e73a-c0a0-4567-a310-152bce1bbd1a.png,generated-sheet,293,349,0,255
crack_decals,02_all_generated_cutouts/crack_decals/crack-decals-b249e73a-04.png,C:\Users\Note-038\.codex\generated_images\01a0acd2-304b-7e20-8907-152159c50899\exec-b249e73a-c0a0-4567-a310-152bce1bbd1a.png,generated-sheet,266,302,0,255
crack_decals,02_all_generated_cutouts/crack_decals/crack-decals-b249e73a-05.png,C:\Users\Note-038\.codex\generated_images\01a0acd2-304b-7e20-8907-152159c50899\exec-b249e73a-c0a0-4567-a310-152bce1bbd1a.png,generated-sheet,363,380,0,255
crack_decals,02_all_generated_cutouts/crack_decals/crack-decals-b249e73a-06.png,C:\Users\Note-038\.codex\generated_images\01a0acd2-304b-7e20-8907-152159c50899\exec-b249e73a-c0a0-4567-a310-152bce1bbd1a.png,generated-sheet,366,403,0,255
crack_decals,02_all_generated_cutouts/crack_decals/crack-decals-b249e73a-07.png,C:\Users\Note-038\.codex\generated_images\01a0acd2-304b-7e20-8907-152159c50899\exec-b249e73a-c0a0-4567-a310-152bce1bbd1a.png,generated-sheet,408,399,0,255
crack_decals,02_all_generated_cutouts/crack_decals/crack-decals-b249e73a-08.png,C:\Users\Note-038\.codex\generated_images\01a0acd2-304b-7e20-8907-152159c50899\exec-b249e73a-c0a0-4567-a310-152bce1bbd1a.png,generated-sheet,391,390,0,255
crack_decals,02_all_generated_cutouts/crack_decals/crack-decals-b249e73a-09.png,C:\Users\Note-038\.codex\generated_images\01a0acd2-304b-7e20-8907-152159c50899\exec-b249e73a-c0a0-4567-a310-152bce1bbd1a.png,generated-sheet,42,58,0,251
crack_decals,02_all_generated_cutouts/crack_decals/crack-decals-b249e73a-10.png,C:\Users\Note-038\.codex\generated_images\01a0acd2-304b-7e20-8907-152159c50899\exec-b249e73a-c0a0-4567-a310-152bce1bbd1a.png,generated-sheet,52,58,0,247
crack_decals,02_all_generated_cutouts/crack_decals/crack-decals-b249e73a-11.png,C:\Users\Note-038\.codex\generated_images\01a0acd2-304b-7e20-8907-152159c50899\exec-b249e73a-c0a0-4567-a310-152bce1bbd1a.png,generated-sheet,56,62,0,243
scene_mockups,03_scene_backgrounds/scene_mockups/exec-b5e934ce-de3b-447b-803e-e87d9e3a4ce8.png,C:\Users\Note-038\.codex\generated_images\01a0acd2-304b-7e20-8907-152159c50899\exec-b5e934ce-de3b-447b-803e-e87d9e3a4ce8.png,background-content,1672,941,N/A,N/A
flashlights,02_all_generated_cutouts/flashlights/flashlights-c11f1f97-01.png,C:\Users\Note-038\.codex\generated_images\01a0acd2-304b-7e20-8907-152159c50899\exec-c11f1f97-1747-480f-a09c-0e2b6c749484.png,generated-sheet,507,449,0,255
flashlights,02_all_generated_cutouts/flashlights/flashlights-c11f1f97-02.png,C:\Users\Note-038\.codex\generated_images\01a0acd2-304b-7e20-8907-152159c50899\exec-c11f1f97-1747-480f-a09c-0e2b6c749484.png,generated-sheet,447,439,0,255
flashlights,02_all_generated_cutouts/flashlights/flashlights-c11f1f97-03.png,C:\Users\Note-038\.codex\generated_images\01a0acd2-304b-7e20-8907-152159c50899\exec-c11f1f97-1747-480f-a09c-0e2b6c749484.png,generated-sheet,591,318,0,255
flashlights,02_all_generated_cutouts/flashlights/flashlights-c11f1f97-04.png,C:\Users\Note-038\.codex\generated_images\01a0acd2-304b-7e20-8907-152159c50899\exec-c11f1f97-1747-480f-a09c-0e2b6c749484.png,generated-sheet,524,296,0,255
boss_animation_concepts,02_all_generated_cutouts/boss_animation_concepts/boss-animation-concepts-c73de297-01.png,C:\Users\Note-038\.codex\generated_images\01a0acd2-304b-7e20-8907-152159c50899\exec-c73de297-3669-47c7-883c-c338c4999a02.png,generated-sheet,1201,582,0,255
boss_animation_concepts,02_all_generated_cutouts/boss_animation_concepts/boss-animation-concepts-c73de297-02.png,C:\Users\Note-038\.codex\generated_images\01a0acd2-304b-7e20-8907-152159c50899\exec-c73de297-3669-47c7-883c-c338c4999a02.png,generated-sheet,1201,535,0,255
platforms,02_all_generated_cutouts/platforms/platforms-d4f050e4-01.png,C:\Users\Note-038\.codex\generated_images\01a0acd2-304b-7e20-8907-152159c50899\exec-d4f050e4-810c-4f7d-87cf-0ad9a933a558.png,generated-sheet,304,215,0,254
platforms,02_all_generated_cutouts/platforms/platforms-d4f050e4-02.png,C:\Users\Note-038\.codex\generated_images\01a0acd2-304b-7e20-8907-152159c50899\exec-d4f050e4-810c-4f7d-87cf-0ad9a933a558.png,generated-sheet,720,231,0,254
platforms,02_all_generated_cutouts/platforms/platforms-d4f050e4-03.png,C:\Users\Note-038\.codex\generated_images\01a0acd2-304b-7e20-8907-152159c50899\exec-d4f050e4-810c-4f7d-87cf-0ad9a933a558.png,generated-sheet,454,198,0,254
platforms,02_all_generated_cutouts/platforms/platforms-d4f050e4-04.png,C:\Users\Note-038\.codex\generated_images\01a0acd2-304b-7e20-8907-152159c50899\exec-d4f050e4-810c-4f7d-87cf-0ad9a933a558.png,generated-sheet,425,459,0,254
platforms,02_all_generated_cutouts/platforms/platforms-d4f050e4-05.png,C:\Users\Note-038\.codex\generated_images\01a0acd2-304b-7e20-8907-152159c50899\exec-d4f050e4-810c-4f7d-87cf-0ad9a933a558.png,generated-sheet,167,456,0,254
platforms,02_all_generated_cutouts/platforms/platforms-d4f050e4-06.png,C:\Users\Note-038\.codex\generated_images\01a0acd2-304b-7e20-8907-152159c50899\exec-d4f050e4-810c-4f7d-87cf-0ad9a933a558.png,generated-sheet,241,248,0,254
platforms,02_all_generated_cutouts/platforms/platforms-d4f050e4-07.png,C:\Users\Note-038\.codex\generated_images\01a0acd2-304b-7e20-8907-152159c50899\exec-d4f050e4-810c-4f7d-87cf-0ad9a933a558.png,generated-sheet,256,236,0,254
platforms,02_all_generated_cutouts/platforms/platforms-d4f050e4-08.png,C:\Users\Note-038\.codex\generated_images\01a0acd2-304b-7e20-8907-152159c50899\exec-d4f050e4-810c-4f7d-87cf-0ad9a933a558.png,generated-sheet,137,141,0,253
platforms,02_all_generated_cutouts/platforms/platforms-d4f050e4-09.png,C:\Users\Note-038\.codex\generated_images\01a0acd2-304b-7e20-8907-152159c50899\exec-d4f050e4-810c-4f7d-87cf-0ad9a933a558.png,generated-sheet,136,139,0,253
platforms,02_all_generated_cutouts/platforms/platforms-d4f050e4-10.png,C:\Users\Note-038\.codex\generated_images\01a0acd2-304b-7e20-8907-152159c50899\exec-d4f050e4-810c-4f7d-87cf-0ad9a933a558.png,generated-sheet,103,129,0,254
platforms,02_all_generated_cutouts/platforms/platforms-d4f050e4-11.png,C:\Users\Note-038\.codex\generated_images\01a0acd2-304b-7e20-8907-152159c50899\exec-d4f050e4-810c-4f7d-87cf-0ad9a933a558.png,generated-sheet,104,111,0,253
boss_animation_concepts,02_all_generated_cutouts/boss_animation_concepts/boss-animation-concepts-e29b9099-01.png,C:\Users\Note-038\.codex\generated_images\01a0acd2-304b-7e20-8907-152159c50899\exec-e29b9099-7ba1-414e-8413-ff9a7862e547.png,generated-sheet,1254,602,0,255
boss_animation_concepts,02_all_generated_cutouts/boss_animation_concepts/boss-animation-concepts-e29b9099-02.png,C:\Users\Note-038\.codex\generated_images\01a0acd2-304b-7e20-8907-152159c50899\exec-e29b9099-7ba1-414e-8413-ff9a7862e547.png,generated-sheet,48,52,0,255
boss_animation_concepts,02_all_generated_cutouts/boss_animation_concepts/boss-animation-concepts-e29b9099-03.png,C:\Users\Note-038\.codex\generated_images\01a0acd2-304b-7e20-8907-152159c50899\exec-e29b9099-7ba1-414e-8413-ff9a7862e547.png,generated-sheet,48,52,0,255
boss_animation_concepts,02_all_generated_cutouts/boss_animation_concepts/boss-animation-concepts-e29b9099-04.png,C:\Users\Note-038\.codex\generated_images\01a0acd2-304b-7e20-8907-152159c50899\exec-e29b9099-7ba1-414e-8413-ff9a7862e547.png,generated-sheet,50,64,0,255
boss_animation_concepts,02_all_generated_cutouts/boss_animation_concepts/boss-animation-concepts-e29b9099-05.png,C:\Users\Note-038\.codex\generated_images\01a0acd2-304b-7e20-8907-152159c50899\exec-e29b9099-7ba1-414e-8413-ff9a7862e547.png,generated-sheet,50,64,0,255
boss_animation_concepts,02_all_generated_cutouts/boss_animation_concepts/boss-animation-concepts-e29b9099-06.png,C:\Users\Note-038\.codex\generated_images\01a0acd2-304b-7e20-8907-152159c50899\exec-e29b9099-7ba1-414e-8413-ff9a7862e547.png,generated-sheet,1254,611,0,255
boss_animation_concepts,02_all_generated_cutouts/boss_animation_concepts/boss-animation-concepts-e29b9099-07.png,C:\Users\Note-038\.codex\generated_images\01a0acd2-304b-7e20-8907-152159c50899\exec-e29b9099-7ba1-414e-8413-ff9a7862e547.png,generated-sheet,48,51,0,255
boss_animation_concepts,02_all_generated_cutouts/boss_animation_concepts/boss-animation-concepts-e29b9099-08.png,C:\Users\Note-038\.codex\generated_images\01a0acd2-304b-7e20-8907-152159c50899\exec-e29b9099-7ba1-414e-8413-ff9a7862e547.png,generated-sheet,48,51,0,255
boss_animation_concepts,02_all_generated_cutouts/boss_animation_concepts/boss-animation-concepts-e29b9099-09.png,C:\Users\Note-038\.codex\generated_images\01a0acd2-304b-7e20-8907-152159c50899\exec-e29b9099-7ba1-414e-8413-ff9a7862e547.png,generated-sheet,50,65,0,255
boss_animation_concepts,02_all_generated_cutouts/boss_animation_concepts/boss-animation-concepts-e29b9099-10.png,C:\Users\Note-038\.codex\generated_images\01a0acd2-304b-7e20-8907-152159c50899\exec-e29b9099-7ba1-414e-8413-ff9a7862e547.png,generated-sheet,50,65,0,255
enemies,02_all_generated_cutouts/enemies/enemies-e5bcd28f-01.png,C:\Users\Note-038\.codex\generated_images\01a0acd2-304b-7e20-8907-152159c50899\exec-e5bcd28f-4013-4363-83c8-58002e0602d6.png,generated-sheet,384,358,0,255
enemies,02_all_generated_cutouts/enemies/enemies-e5bcd28f-02.png,C:\Users\Note-038\.codex\generated_images\01a0acd2-304b-7e20-8907-152159c50899\exec-e5bcd28f-4013-4363-83c8-58002e0602d6.png,generated-sheet,260,335,0,255
enemies,02_all_generated_cutouts/enemies/enemies-e5bcd28f-03.png,C:\Users\Note-038\.codex\generated_images\01a0acd2-304b-7e20-8907-152159c50899\exec-e5bcd28f-4013-4363-83c8-58002e0602d6.png,generated-sheet,546,439,0,255
enemies,02_all_generated_cutouts/enemies/enemies-e5bcd28f-04.png,C:\Users\Note-038\.codex\generated_images\01a0acd2-304b-7e20-8907-152159c50899\exec-e5bcd28f-4013-4363-83c8-58002e0602d6.png,generated-sheet,242,284,0,255
enemies,02_all_generated_cutouts/enemies/enemies-e5bcd28f-05.png,C:\Users\Note-038\.codex\generated_images\01a0acd2-304b-7e20-8907-152159c50899\exec-e5bcd28f-4013-4363-83c8-58002e0602d6.png,generated-sheet,55,51,0,255
enemies,02_all_generated_cutouts/enemies/enemies-e5bcd28f-06.png,C:\Users\Note-038\.codex\generated_images\01a0acd2-304b-7e20-8907-152159c50899\exec-e5bcd28f-4013-4363-83c8-58002e0602d6.png,generated-sheet,204,195,0,255
enemies,02_all_generated_cutouts/enemies/enemies-e5bcd28f-07.png,C:\Users\Note-038\.codex\generated_images\01a0acd2-304b-7e20-8907-152159c50899\exec-e5bcd28f-4013-4363-83c8-58002e0602d6.png,generated-sheet,169,206,0,255
enemies,02_all_generated_cutouts/enemies/enemies-e5bcd28f-08.png,C:\Users\Note-038\.codex\generated_images\01a0acd2-304b-7e20-8907-152159c50899\exec-e5bcd28f-4013-4363-83c8-58002e0602d6.png,generated-sheet,290,168,0,255
enemies,02_all_generated_cutouts/enemies/enemies-e5bcd28f-09.png,C:\Users\Note-038\.codex\generated_images\01a0acd2-304b-7e20-8907-152159c50899\exec-e5bcd28f-4013-4363-83c8-58002e0602d6.png,generated-sheet,192,196,0,255
enemies,02_all_generated_cutouts/enemies/enemies-e5bcd28f-10.png,C:\Users\Note-038\.codex\generated_images\01a0acd2-304b-7e20-8907-152159c50899\exec-e5bcd28f-4013-4363-83c8-58002e0602d6.png,generated-sheet,212,202,0,255
enemies,02_all_generated_cutouts/enemies/enemies-e5bcd28f-11.png,C:\Users\Note-038\.codex\generated_images\01a0acd2-304b-7e20-8907-152159c50899\exec-e5bcd28f-4013-4363-83c8-58002e0602d6.png,generated-sheet,102,108,0,255
enemies,02_all_generated_cutouts/enemies/enemies-e5bcd28f-12.png,C:\Users\Note-038\.codex\generated_images\01a0acd2-304b-7e20-8907-152159c50899\exec-e5bcd28f-4013-4363-83c8-58002e0602d6.png,generated-sheet,85,43,0,255
enemies,02_all_generated_cutouts/enemies/enemies-e5bcd28f-13.png,C:\Users\Note-038\.codex\generated_images\01a0acd2-304b-7e20-8907-152159c50899\exec-e5bcd28f-4013-4363-83c8-58002e0602d6.png,generated-sheet,116,30,0,255
platforms,02_all_generated_cutouts/platforms/platforms-eaeb1728-01.png,C:\Users\Note-038\.codex\generated_images\01a0acd2-304b-7e20-8907-152159c50899\exec-eaeb1728-0ef3-4a85-b2cd-22b399f9668e.png,generated-sheet,304,217,0,254
platforms,02_all_generated_cutouts/platforms/platforms-eaeb1728-02.png,C:\Users\Note-038\.codex\generated_images\01a0acd2-304b-7e20-8907-152159c50899\exec-eaeb1728-0ef3-4a85-b2cd-22b399f9668e.png,generated-sheet,454,202,0,254
platforms,02_all_generated_cutouts/platforms/platforms-eaeb1728-03.png,C:\Users\Note-038\.codex\generated_images\01a0acd2-304b-7e20-8907-152159c50899\exec-eaeb1728-0ef3-4a85-b2cd-22b399f9668e.png,generated-sheet,720,234,0,254
platforms,02_all_generated_cutouts/platforms/platforms-eaeb1728-04.png,C:\Users\Note-038\.codex\generated_images\01a0acd2-304b-7e20-8907-152159c50899\exec-eaeb1728-0ef3-4a85-b2cd-22b399f9668e.png,generated-sheet,427,461,0,254
platforms,02_all_generated_cutouts/platforms/platforms-eaeb1728-05.png,C:\Users\Note-038\.codex\generated_images\01a0acd2-304b-7e20-8907-152159c50899\exec-eaeb1728-0ef3-4a85-b2cd-22b399f9668e.png,generated-sheet,168,457,0,254
platforms,02_all_generated_cutouts/platforms/platforms-eaeb1728-06.png,C:\Users\Note-038\.codex\generated_images\01a0acd2-304b-7e20-8907-152159c50899\exec-eaeb1728-0ef3-4a85-b2cd-22b399f9668e.png,generated-sheet,242,251,0,254
platforms,02_all_generated_cutouts/platforms/platforms-eaeb1728-07.png,C:\Users\Note-038\.codex\generated_images\01a0acd2-304b-7e20-8907-152159c50899\exec-eaeb1728-0ef3-4a85-b2cd-22b399f9668e.png,generated-sheet,256,237,0,254
platforms,02_all_generated_cutouts/platforms/platforms-eaeb1728-08.png,C:\Users\Note-038\.codex\generated_images\01a0acd2-304b-7e20-8907-152159c50899\exec-eaeb1728-0ef3-4a85-b2cd-22b399f9668e.png,generated-sheet,139,141,0,254
platforms,02_all_generated_cutouts/platforms/platforms-eaeb1728-09.png,C:\Users\Note-038\.codex\generated_images\01a0acd2-304b-7e20-8907-152159c50899\exec-eaeb1728-0ef3-4a85-b2cd-22b399f9668e.png,generated-sheet,135,143,0,254
platforms,02_all_generated_cutouts/platforms/platforms-eaeb1728-10.png,C:\Users\Note-038\.codex\generated_images\01a0acd2-304b-7e20-8907-152159c50899\exec-eaeb1728-0ef3-4a85-b2cd-22b399f9668e.png,generated-sheet,103,132,0,254
platforms,02_all_generated_cutouts/platforms/platforms-eaeb1728-11.png,C:\Users\Note-038\.codex\generated_images\01a0acd2-304b-7e20-8907-152159c50899\exec-eaeb1728-0ef3-4a85-b2cd-22b399f9668e.png,generated-sheet,107,115,0,254
memory_sister,02_all_generated_cutouts/memory_sister/memory-sister-eba85a67-01.png,C:\Users\Note-038\.codex\generated_images\01a0acd2-304b-7e20-8907-152159c50899\exec-eba85a67-e49b-4acd-af23-102b702a51e5.png,generated-sheet,476,645,0,255
memory_sister,02_all_generated_cutouts/memory_sister/memory-sister-eba85a67-02.png,C:\Users\Note-038\.codex\generated_images\01a0acd2-304b-7e20-8907-152159c50899\exec-eba85a67-e49b-4acd-af23-102b702a51e5.png,generated-sheet,470,616,0,255
memory_sister,02_all_generated_cutouts/memory_sister/memory-sister-eba85a67-03.png,C:\Users\Note-038\.codex\generated_images\01a0acd2-304b-7e20-8907-152159c50899\exec-eba85a67-e49b-4acd-af23-102b702a51e5.png,generated-sheet,492,634,0,255
memory_sister,02_all_generated_cutouts/memory_sister/memory-sister-eba85a67-04.png,C:\Users\Note-038\.codex\generated_images\01a0acd2-304b-7e20-8907-152159c50899\exec-eba85a67-e49b-4acd-af23-102b702a51e5.png,generated-sheet,576,369,0,255
