path,extension,bytes,width,height,alpha_min,alpha_max,sha256
00_docs/asset-inventory.csv,.csv,91415,,,,,6a22e24429c01a3f8479d5b6eaacd370113fc0b277b7dc9c61c4f0494ac12b3b
00_docs/BACKGROUND-GENERATION-NOTES.md,.md,3035,,,,,a01b3935c976e6585680cef00f949a70222c9a483b1e5e11f678ac4895c127b1
00_docs/generation-metadata.json,.json,342,,,,,f623ddfe42485ea7599b3cd79e45fe91ce6321fd68e3a0adc2669e35a870d8ae
00_docs/IMAGEGEN-PROMPTS.md,.md,3310,,,,,445062c91a93941cc55b7a96a93517c50a8cea031787d8b82e3a8f128854bcfc
00_docs/README.md,.md,1663,,,,,4a8e3b00c99eeabc7294727f8961f4ebf10370001c6c6e69aff131f1fa5382bb
01_player/concept/player-concept-01.png,.png,473253,667,1430,0,255,cfac0d4963ad08bd9c6ea81e0be0d778f9e65733c095b1d53b7e33b368b75834
01_player/concept/player-concept-02.png,.png,1419592,641,1314,0,254,9afbcfa7a68317ccb6f001c9f55f2612dfd04e6a94149df594a3b0d7296b2aae
01_player/idle/metadata.json,.json,235,,,,,435c3bfd7cfeda9ad8c508b3f81b5c8c998763a43e3ef26367c18ce665ef5669
01_player/idle/opaque_navy/frames/player-idle-frame-01.png,.png,80949,512,512,255,255,530f199ccc080e02f05aa3fbf171f5e1b5b6afe42260b561c1c2f4a11c979d53
01_player/idle/opaque_navy/frames/player-idle-frame-02.png,.png,81260,512,512,255,255,c11b1407cc7b01f8a307676cc0cf8d9ef9d348f20879b10de088a2d880582e8d
01_player/idle/opaque_navy/frames/player-idle-frame-03.png,.png,80241,512,512,255,255,eb278b23d61e12df3e520a437e2f3c2006b32ea562de6f399c31e34ec699a467
01_player/idle/opaque_navy/frames/player-idle-frame-04.png,.png,81953,512,512,255,255,2fa08645a9b373de7c34889c9d76abebe9cf66752194205289a00fd6ea3b8509
01_player/idle/opaque_navy/frames/player-idle-frame-05.png,.png,82528,512,512,255,255,3b9bac2bc5965c24de4650c7e2dbfc5b94fff8a34f1dc20972f2c73c8f4e0eae
01_player/idle/opaque_navy/frames/player-idle-frame-06.png,.png,82050,512,512,255,255,50e8cb8d1844d820741c5ff6670e9aa3693863414d6173ad62423a1fbf01ac58
01_player/idle/opaque_navy/player-idle-sheet.png,.png,490073,2048,1024,255,255,51c079bb24751e8d36717696408755bc2200cef1bbec10e7c18480d366bce983
01_player/idle/opaque_navy/player-idle.gif,.gif,328595,512,512,255,255,50e2a2eeca42f4ad140eab5b3f2812af506604149017e90069d39e2e4bc7c16f
01_player/idle/transparent/frames/player-idle-frame-01.png,.png,92180,512,512,0,255,89cba55dcd6653f6271a87698c88dc1bfc6706ca347eae04cd96849592d6532a
01_player/idle/transparent/frames/player-idle-frame-02.png,.png,92553,512,512,0,255,effc306a1068417cccb7329180c9bb9df3b4d9ad1054bf2ea42c10011305e5d8
01_player/idle/transparent/frames/player-idle-frame-03.png,.png,91457,512,512,0,255,6abc92297f7c20ae088f54ab6155f390213c5e2df7105d3157004dab1137fb1b
01_player/idle/transparent/frames/player-idle-frame-04.png,.png,93383,512,512,0,255,da696e57593b420ee1b60f5e1a01103ff4a09de2cb98a6e8250d14de9ca18157
01_player/idle/transparent/frames/player-idle-frame-05.png,.png,94114,512,512,0,255,a7dbd00bdb1fc3e37581186d59a0afff6d86d6452bd9544191ca347125b37359
01_player/idle/transparent/frames/player-idle-frame-06.png,.png,93326,512,512,0,255,4970e00edeccdb3b26591237e619237776406251029b9443f0701cfb8cfe8e8b
01_player/idle/transparent/player-idle-sheet.png,.png,561841,2048,1024,0,255,f19dce0f4108f5c25db6f381378b1eaf5fd13b1afc1e3a5b70fc58724ea6a133
01_player/idle/transparent/player-idle.gif,.gif,98148,512,512,255,255,ee73bb6506619459af98df10ade5610702054dca7a170be391032bdd566ad252
01_player/jump/metadata.json,.json,236,,,,,8b7a610aadb36c8afb9d97ece395d5ca64a517eb3588c35da5b9a1c588b44d77
01_player/jump/opaque_navy/frames/player-jump-frame-01.png,.png,86277,512,512,255,255,936518bdd475e6caf48e6de3519000ab1206c9b8aa2f47747d46a9409643e441
01_player/jump/opaque_navy/frames/player-jump-frame-02.png,.png,89497,512,512,255,255,21a46cd77a9f07466349d85d2deafbd15f9085a6d84548c65bfef61882a5971c
01_player/jump/opaque_navy/frames/player-jump-frame-03.png,.png,86202,512,512,255,255,b34239146d637d177a068eaa7bcc8a3f5615e6edd19706c31be8130f0937da57
01_player/jump/opaque_navy/frames/player-jump-frame-04.png,.png,81119,512,512,255,255,848a28d5d643ac48b01dcaf69768575d89641765ac743485e7b945fe8639f480
01_player/jump/opaque_navy/frames/player-jump-frame-05.png,.png,86396,512,512,255,255,8c218d0b7330834cd8d76b2a146688b786183ee7fed599f40957d8ddecdbf1e4
01_player/jump/opaque_navy/frames/player-jump-frame-06.png,.png,84377,512,512,255,255,02e41811be0f8f193f5ecc2c650c40b6440f1c5fee84759b90642a58731c8964
01_player/jump/opaque_navy/player-jump-sheet.png,.png,517235,2048,1024,255,255,98cccfb96ccb7dcfc5dc6679913907a9fb810dbf606fdd4e7d55d39a0fdab038
01_player/jump/opaque_navy/player-jump.gif,.gif,325317,512,512,255,255,1fbc499696932f6cebccd605caf83fb287b9a79ba1717d9147380dddefbe0a4a
01_player/jump/transparent/frames/player-jump-frame-01.png,.png,98393,512,512,0,255,e2dbe3abc800a66bf9ea6513d33a4799eacf5f6d49a9af696730dc73f5406187
01_player/jump/transparent/frames/player-jump-frame-02.png,.png,102333,512,512,0,255,031162e6a3a725f0eefcc0c3b190597d7dc26460155a5dbee7c3762fdd20042d
01_player/jump/transparent/frames/player-jump-frame-03.png,.png,98413,512,512,0,255,7ef4ed99c39fc2175485c419fca408dabe010e34881bbf31487d7e35279995c5
01_player/jump/transparent/frames/player-jump-frame-04.png,.png,92674,512,512,0,255,20a679a09f1a0100eab3c98aa961ec2dff5a872a5ab70e6f98c1121440033dd2
01_player/jump/transparent/frames/player-jump-frame-05.png,.png,98903,512,512,0,255,97e628ec232bfcd6cc6048e1c167810298ec26a03bd191417e06f45b243393c8
01_player/jump/transparent/frames/player-jump-frame-06.png,.png,96086,512,512,0,255,0bea36b6249c9be250e05ece955c22c55e83c4af2510ae5df147f9a21df1d0c2
01_player/jump/transparent/player-jump-sheet.png,.png,595228,2048,1024,0,255,9b115c98979d7da49c6d77eb543ad3c81ff0d819e0322b7ddc6eb632e4ef2199
01_player/jump/transparent/player-jump.gif,.gif,84803,512,512,255,255,1a8914fd60ca8ed10dfe9645f0eb27a122bba3fda7120be6d383cf5d121b6b09
01_player/walk/metadata.json,.json,238,,,,,26d36b98bc49ca834891cdbe5f6070bf236d05fd1a0725ea2202b26e2e905aff
01_player/walk/opaque_navy/frames/player-walk-v7-frame-01.png,.png,90628,512,512,255,255,7fb054d7cae90fda31b3826873511592c0cfeac3a7091b24231d9b972c37e603
01_player/walk/opaque_navy/frames/player-walk-v7-frame-02.png,.png,85548,512,512,255,255,715be4c6b6f5901bffde09b16e415525f7b3cd91f1ee68bba6d7843e295a3c29
01_player/walk/opaque_navy/frames/player-walk-v7-frame-03.png,.png,74183,512,512,255,255,79f7aec7085976246d8a0f1d47d57c856287268eae0e6b1b10e7ecb77f0bd041
01_player/walk/opaque_navy/frames/player-walk-v7-frame-04.png,.png,83462,512,512,255,255,147d3d9a8c71945e5c9f43abd6821b0ac58b357d772ebf47d066cb7b08b0f43b
01_player/walk/opaque_navy/frames/player-walk-v7-frame-05.png,.png,87711,512,512,255,255,a7ce91f2ec92bb7af5a3c8c620b08cccbb748cbc37079a535c9b085db4cdf95d
01_player/walk/opaque_navy/frames/player-walk-v7-frame-06.png,.png,83677,512,512,255,255,2dc890e461d325415d4b7104cd70796705b744c3016ef849ef103b244207c57f
01_player/walk/opaque_navy/frames/player-walk-v7-frame-07.png,.png,73366,512,512,255,255,40b7f77c1e6a9358aff9d6890d00742e3bde2618258e383c14f6b6808abd8c00
01_player/walk/opaque_navy/frames/player-walk-v7-frame-08.png,.png,84240,512,512,255,255,b1d7570b50f5086d325cf2178a24ee478b9100d3ee64ba3e4d14a35a4d599214
01_player/walk/opaque_navy/player-walk-v7-sheet.png,.png,652919,2048,1024,255,255,461d78e0f54209a77c7de24b2c957035e341d47b4d86d167a5f6f32a02cc2427
01_player/walk/opaque_navy/player-walk-v7.gif,.gif,402431,512,512,255,255,176a4a8f24dc0960e9ac59b46e888cdc00a42bca8c1fdb8b8f339398accc0237
01_player/walk/transparent/frames/player-walk-v7-frame-01.png,.png,102391,512,512,0,255,2ae3b03477cd89707b3e175b9329bdf3a0e0a0aae19f45556aea913a2960ee4e
01_player/walk/transparent/frames/player-walk-v7-frame-02.png,.png,97059,512,512,0,255,8b4e4026854660f8a67ffff16931824705fcdb0ed0e734739d629c1a88e72ac8
01_player/walk/transparent/frames/player-walk-v7-frame-03.png,.png,84187,512,512,0,255,4f7ba074d75ae0bc5a46f86c57c9377586ab8b31c710ea1731b8ee22775c1840
01_player/walk/transparent/frames/player-walk-v7-frame-04.png,.png,94692,512,512,0,255,9b37cd8537931882a03a5f47b9c989f8a2713d8965e20941deb8d91920b63b6c
01_player/walk/transparent/frames/player-walk-v7-frame-05.png,.png,99370,512,512,0,255,1d4b3660e65176a69bf0702704ca64474b39edde9d90c62f810463546277d8c3
01_player/walk/transparent/frames/player-walk-v7-frame-06.png,.png,94795,512,512,0,255,cb8b9e973b16df80834331cc1a1b9672bfbf3e676be83aa76f4eb5dded538c7f
01_player/walk/transparent/frames/player-walk-v7-frame-07.png,.png,83042,512,512,0,255,5c2204f1c8a5a85199a2f5adf7707c3cdc38c83a1df79819c3afcef35ed27175
01_player/walk/transparent/frames/player-walk-v7-frame-08.png,.png,95717,512,512,0,255,242cc5677d017951520ca9907b1c1abcad28c68a60af4a63238715d4b4f52b34
01_player/walk/transparent/player-walk-v7-sheet.png,.png,744430,2048,1024,0,255,a99a3135af9acc2dd8bae8ce9bc06ade9cbc7d3be17c5ce1524399bf243a3ed7
01_player/walk/transparent/player-walk-v7.gif,.gif,114201,512,512,255,255,593d4e1835b6f26f1e38074ef7cd5795f128012f480ab2be13119138b5b485b8
01_player/walk_flashlight_outlined/metadata.json,.json,258,,,,,4ce2f3a77171707bd572218252d6713b18c825c0b848c68071a84ae3f5b48736
01_player/walk_flashlight_outlined/opaque_navy/frames/player-walk-flashlight-outlined-v9-frame-01.png,.png,98116,512,512,255,255,9dae3748deb45855907de1fbf0b08620d00246e48c74f7b6bafef8c9982aecbf
01_player/walk_flashlight_outlined/opaque_navy/frames/player-walk-flashlight-outlined-v9-frame-02.png,.png,94016,512,512,255,255,6919236daef1b8c0fa5c463bedb917b43546d1172c19a5429a086de4d71416e7
01_player/walk_flashlight_outlined/opaque_navy/frames/player-walk-flashlight-outlined-v9-frame-03.png,.png,84602,512,512,255,255,42da587ac4e7799b06e5062e6c2ccc6cc279e0e6ae81be68b921b95e97443786
01_player/walk_flashlight_outlined/opaque_navy/frames/player-walk-flashlight-outlined-v9-frame-04.png,.png,93131,512,512,255,255,47148a1e3999555022270f65fe19f22b1ae1153051193a1f155540e470e23ec2
01_player/walk_flashlight_outlined/opaque_navy/frames/player-walk-flashlight-outlined-v9-frame-05.png,.png,98116,512,512,255,255,9dae3748deb45855907de1fbf0b08620d00246e48c74f7b6bafef8c9982aecbf
01_player/walk_flashlight_outlined/opaque_navy/frames/player-walk-flashlight-outlined-v9-frame-06.png,.png,92876,512,512,255,255,a81a68ed3fd0e1fb6c8619f1fa45c39d518dc619855a88856777cb0b81ad488e
01_player/walk_flashlight_outlined/opaque_navy/frames/player-walk-flashlight-outlined-v9-frame-07.png,.png,84486,512,512,255,255,e2aaeb7b6a25786d556c8d2e246c1c6e7243ed2768653fc3bd460bbcdf438d82
01_player/walk_flashlight_outlined/opaque_navy/frames/player-walk-flashlight-outlined-v9-frame-08.png,.png,93131,512,512,255,255,47148a1e3999555022270f65fe19f22b1ae1153051193a1f155540e470e23ec2
01_player/walk_flashlight_outlined/opaque_navy/player-walk-flashlight-outlined-v9-sheet.png,.png,699751,2048,1024,255,255,afb6cfdf66bc562cb5638e1a898417ad87ea3845fc2e7a07998ff7419275cbf9
01_player/walk_flashlight_outlined/opaque_navy/player-walk-flashlight-outlined-v9.gif,.gif,433676,512,512,255,255,a9e4b14f23026de58dcff559bd2d4849c2cab2ed2cd4baceda4e33c8208bc95b
01_player/walk_flashlight_outlined/transparent/frames/player-walk-flashlight-outlined-v9-frame-01.png,.png,108135,512,512,0,255,af052f08b7e5ec01a0584c23eae47cb203d5245f476b8b805ccc24f38d8a06d9
01_player/walk_flashlight_outlined/transparent/frames/player-walk-flashlight-outlined-v9-frame-02.png,.png,103860,512,512,0,255,f24b7dd42842fa9d138cf2bff848284c239e2ddd0174ebb0727e02081a91b80d
01_player/walk_flashlight_outlined/transparent/frames/player-walk-flashlight-outlined-v9-frame-03.png,.png,93720,512,512,0,255,cda587cf7c13e3f0828624153dc39047879b8e70ecfce70f14f52a06a030c632
01_player/walk_flashlight_outlined/transparent/frames/player-walk-flashlight-outlined-v9-frame-04.png,.png,102853,512,512,0,255,7e18a83f3157716d5b61a651abca804e5d7ddbe99d53a5d709d8b49db8e655bd
01_player/walk_flashlight_outlined/transparent/frames/player-walk-flashlight-outlined-v9-frame-05.png,.png,108135,512,512,0,255,af052f08b7e5ec01a0584c23eae47cb203d5245f476b8b805ccc24f38d8a06d9
01_player/walk_flashlight_outlined/transparent/frames/player-walk-flashlight-outlined-v9-frame-06.png,.png,102727,512,512,0,255,0104472fc60db7dbe868bf271b75d941717571b042ec0ec7471fbd6bbe316dc9
01_player/walk_flashlight_outlined/transparent/frames/player-walk-flashlight-outlined-v9-frame-07.png,.png,93730,512,512,0,255,fb58368ada68d5ca441dc5e357e5b811c533abcc2d6cff370cb9b7d837a99794
01_player/walk_flashlight_outlined/transparent/frames/player-walk-flashlight-outlined-v9-frame-08.png,.png,102853,512,512,0,255,7e18a83f3157716d5b61a651abca804e5d7ddbe99d53a5d709d8b49db8e655bd
01_player/walk_flashlight_outlined/transparent/player-walk-flashlight-outlined-v9-sheet.png,.png,813386,2048,1024,0,255,b37bb985bc2917305a8db9ecf8fe7c668ca97da434deeab583489c4372a21217
01_player/walk_flashlight_outlined/transparent/player-walk-flashlight-outlined-v9.gif,.gif,146488,512,512,255,255,bedf815cab7c6e85080b1246b7406fc0d043c0799cec4945dae48f0ab81bfbd0
02_enemies/core_scribble_enemy/attack_8f/metadata.json,.json,291,,,,,3ad029aeb02febf09518da43c0a43586ac9744737bf408665b6bd298a504f478
02_enemies/core_scribble_enemy/attack_8f/opaque_navy/core-enemy-attack-8f-sheet.png,.png,817502,2048,1024,255,255,a88180ded921a92dadeb034e52fb6bd2a9ed6ba71abadded01485e82a73414f9
02_enemies/core_scribble_enemy/attack_8f/opaque_navy/core-enemy-attack-8f.gif,.gif,401709,512,512,255,255,524467ed1cd03de85641c94e04b0c047750ecf633001ffac1ea66f34de8c5755
02_enemies/core_scribble_enemy/attack_8f/opaque_navy/frames/core-enemy-attack-8f-frame-01.png,.png,118094,512,512,255,255,c4bd4bbe3532b2b96490c7ffaba1ccdc7108cae6bab3b7cc0729388f03776f57
02_enemies/core_scribble_enemy/attack_8f/opaque_navy/frames/core-enemy-attack-8f-frame-02.png,.png,87453,512,512,255,255,025e415bad71a142030d723ce726d8ebfa42356767a51933f006750e047b38d9
02_enemies/core_scribble_enemy/attack_8f/opaque_navy/frames/core-enemy-attack-8f-frame-03.png,.png,98340,512,512,255,255,02a88db35ffb724e55e900932c5bc80dab5231e142b7aedf17ffb6eaa14efadb
02_enemies/core_scribble_enemy/attack_8f/opaque_navy/frames/core-enemy-attack-8f-frame-04.png,.png,98172,512,512,255,255,6c60b37d843a0a6d8b807ca1bd7a146d3fe948414d1bd2aba5d5c353133a217e
02_enemies/core_scribble_enemy/attack_8f/opaque_navy/frames/core-enemy-attack-8f-frame-05.png,.png,116993,512,512,255,255,6d40b12492d9fb6982bc82369494710ed88cd582c20720f3898b2db8ef81185a
02_enemies/core_scribble_enemy/attack_8f/opaque_navy/frames/core-enemy-attack-8f-frame-06.png,.png,105537,512,512,255,255,cddc147dfe558ff59d9ac8833b10053a638bc9949484800067b75bd4a6d38a14
02_enemies/core_scribble_enemy/attack_8f/opaque_navy/frames/core-enemy-attack-8f-frame-07.png,.png,100707,512,512,255,255,ebdac48ef7b50e3b50aec967f80630c0331f391e53ce6f20d3c75dd30ee6e9b4
02_enemies/core_scribble_enemy/attack_8f/opaque_navy/frames/core-enemy-attack-8f-frame-08.png,.png,104628,512,512,255,255,14bb24a762acb3d7c01ad13007c73e6fd974a612c99d5b7a6195697ffb4f51ce
02_enemies/core_scribble_enemy/attack_8f/source/core-enemy-attack-8f-imagegen-original-sheet.png,.png,1059959,1774,887,0,255,c30f0eaa574f0fa9fcdf16ddc71e66564bc8e123f8183291559a5cc60bb2b47f
02_enemies/core_scribble_enemy/attack_8f/transparent/core-enemy-attack-8f-sheet.png,.png,1060437,2048,1024,0,255,1f4cbf905f1e0a9ef9bc791d2704e2ed6d4d5ab723376b38d4de254cc241bfff
02_enemies/core_scribble_enemy/attack_8f/transparent/core-enemy-attack-8f.gif,.gif,267644,512,512,255,255,2f836896dfe23f95a1d09c21ec629803477b5bde4ac7a2391859d19931846611
02_enemies/core_scribble_enemy/attack_8f/transparent/frames/core-enemy-attack-8f-frame-01.png,.png,150105,512,512,0,255,ee70e19830356774769172719a4e1f8b685c07869133022b4508b87a14749b92
02_enemies/core_scribble_enemy/attack_8f/transparent/frames/core-enemy-attack-8f-frame-02.png,.png,111338,512,512,0,255,185017f16158f30b12ec304544acf9e3b42a48bf23dd0dd7c3dacb5a84aa4643
02_enemies/core_scribble_enemy/attack_8f/transparent/frames/core-enemy-attack-8f-frame-03.png,.png,128851,512,512,0,255,0f5d2d4a8f1904125debe7582aef8e615ca5c2d268fff730ef374900824faa72
02_enemies/core_scribble_enemy/attack_8f/transparent/frames/core-enemy-attack-8f-frame-04.png,.png,127337,512,512,0,255,04f6f755e03c6477cf43c2fe2ce3fc4a3756b0c3fab4fb43c157452da84eef24
02_enemies/core_scribble_enemy/attack_8f/transparent/frames/core-enemy-attack-8f-frame-05.png,.png,149639,512,512,0,255,ef7dd69aa94f91656381d7c73867eafc6046944e354b0230514f14b9afd3d8d1
02_enemies/core_scribble_enemy/attack_8f/transparent/frames/core-enemy-attack-8f-frame-06.png,.png,135210,512,512,0,255,754b5ad4dedd230b4b8f9deaa1380f28aa62a67e720e40c79d10fb6d2ea2517f
02_enemies/core_scribble_enemy/attack_8f/transparent/frames/core-enemy-attack-8f-frame-07.png,.png,131363,512,512,0,255,d4f83ab7fd96a0a5de5b1ddf610645d4f9906931cea9200f7a2c4fded3185782
02_enemies/core_scribble_enemy/attack_8f/transparent/frames/core-enemy-attack-8f-frame-08.png,.png,134274,512,512,0,255,9ef90185a7a523004e56ea987aed0f60997ab32939d8d6eacbab530fc54533ff
02_enemies/core_scribble_enemy/design_states/final-enemy-01.png,.png,933667,1123,1065,0,255,ab2ee1aef724ee0858f34ec57a4ed2141b6ff40790a4ffa62e0cb5bfc58326d6
02_enemies/core_scribble_enemy/design_states/final-enemy-02.png,.png,195747,287,358,0,255,42fe4e336fd1ff6f1e27774eac6320218fc94af14be495643f88d639eaf7935b
02_enemies/core_scribble_enemy/design_states/final-enemy-03.png,.png,281374,384,358,0,255,461de62486b91a80a1cd4ac680be9a5b4017904c9ee64c29b8d47609f4552b03
02_enemies/core_scribble_enemy/design_states/final-enemy-04.png,.png,415935,546,415,0,255,65feea4b9550948af21758f267a6f441c5cb54bd73e8e9df9846b061bde85d15
02_enemies/core_scribble_enemy/design_states/final-enemy-05.png,.png,87942,204,217,0,255,614caf8732069b62b432221163feb70f7a639b891478733e98eaf20ea31b4a7d
02_enemies/core_scribble_enemy/design_states/final-enemy-06.png,.png,114360,280,204,0,255,033bc5a47ca3c3348d8be4ea06a560334be5e2dcb6c26691bbbf6e019705673d
02_enemies/core_scribble_enemy/design_states/final-enemy-07.png,.png,102162,250,241,0,255,d8d33061aa444174782a5ebdd1c697e52d3b5f2e55ec969237b1d09952b90d85
02_enemies/core_scribble_enemy/design_states/final-enemy-08.png,.png,91186,233,251,0,255,79bb1683dea3250991209764fc1703a96caac83ee504008e714434590ca71c88
02_enemies/core_scribble_enemy/design_states/final-enemy-09.png,.png,42198,143,164,0,255,86da75e59e5434c9f21819447763c611effdb3bb8c49858b6fef14aab3a4e40f
02_enemies/core_scribble_enemy/design_states/final-enemy-10.png,.png,68171,170,206,0,255,8164c4d420e1af7983e4462d7524bac77c5a89cb6945ab94d01fd7f30360d62f
02_enemies/core_scribble_enemy/design_states/final-enemy-11.png,.png,146305,226,284,0,255,58ab1d7e04c9c5b3bfe4964e54857a77c0e9dc3fdada42232e6a863f03795f47
02_enemies/core_scribble_enemy/dissolve_8f/metadata.json,.json,294,,,,,af5d9074a0edc56ae7857e69081ad4750cc09ee1ad18d04674d09920e5e23e93
02_enemies/core_scribble_enemy/dissolve_8f/opaque_navy/core-enemy-dissolve-8f-sheet.png,.png,899341,2048,1024,255,255,492b6c2bf62892d69ef54aaa0ecb7fa6b8e74a0ef821ae5eb5ceb9de9833b071
02_enemies/core_scribble_enemy/dissolve_8f/opaque_navy/core-enemy-dissolve-8f.gif,.gif,468501,512,512,255,255,eca16bd0f80595f98d183c95b49c5bba5563a89461276229858cd1ec0a491b1d
02_enemies/core_scribble_enemy/dissolve_8f/opaque_navy/frames/core-enemy-dissolve-8f-frame-01.png,.png,216486,512,512,255,255,b8172650bd3d1703543aa67d0cb1886b2746f3df49f3e5c4fedc84516cec53a4
02_enemies/core_scribble_enemy/dissolve_8f/opaque_navy/frames/core-enemy-dissolve-8f-frame-02.png,.png,219540,512,512,255,255,1407700367ef295886e7438f68005bf8f78fba170755f992a74768037b0105f0
02_enemies/core_scribble_enemy/dissolve_8f/opaque_navy/frames/core-enemy-dissolve-8f-frame-03.png,.png,177007,512,512,255,255,a96fa3318759b0aa54b7d2d71647b6332743341ceb805e512e3469b071772139
02_enemies/core_scribble_enemy/dissolve_8f/opaque_navy/frames/core-enemy-dissolve-8f-frame-04.png,.png,123866,512,512,255,255,106be278f256e8e1a01669b0c3212f5bbcdbe98760a793e2ac65d7afa4567f52
02_enemies/core_scribble_enemy/dissolve_8f/opaque_navy/frames/core-enemy-dissolve-8f-frame-05.png,.png,93012,512,512,255,255,f273ac0783f82a0e99617fd7005ae7f55a41c4c9c8da31d79db67897e6b848b9
02_enemies/core_scribble_enemy/dissolve_8f/opaque_navy/frames/core-enemy-dissolve-8f-frame-06.png,.png,55566,512,512,255,255,6a1d12474833012fe677a39c48f352b8c9bc459c357edd6abd233d887c19cbe4
02_enemies/core_scribble_enemy/dissolve_8f/opaque_navy/frames/core-enemy-dissolve-8f-frame-07.png,.png,16961,512,512,255,255,1412ea45c41a66bdeea47e41f5fe0f246991a7a1cc7010b0d2f3e940100452dd
02_enemies/core_scribble_enemy/dissolve_8f/opaque_navy/frames/core-enemy-dissolve-8f-frame-08.png,.png,2016,512,512,255,255,bc359a7b5c2b641a436ffce7b73d69955406107a9c7004b33b590a1bc2b005fc
02_enemies/core_scribble_enemy/dissolve_8f/source/core-enemy-dissolve-8f-imagegen-original-sheet.png,.png,1287294,1774,887,0,255,dafe566afd3d792de3a9c502df80038995686508e766f3bac04b2e4323fe62a7
02_enemies/core_scribble_enemy/dissolve_8f/transparent/core-enemy-dissolve-8f-sheet.png,.png,1290727,2048,1024,0,255,a20185a9020edca5ffb46269650ccac7f8ee8313575e11e380256843676e5487
02_enemies/core_scribble_enemy/dissolve_8f/transparent/core-enemy-dissolve-8f.gif,.gif,343035,512,512,255,255,86c4a61cb9101e9ab5514b76b1ee451ccf7df454409726dfdfa6860485b3075b
02_enemies/core_scribble_enemy/dissolve_8f/transparent/frames/core-enemy-dissolve-8f-frame-01.png,.png,280096,512,512,0,255,2012ba471a596cfed0455f98e67a35c6a7d95b09ef9c2228650907851a43cf53
02_enemies/core_scribble_enemy/dissolve_8f/transparent/frames/core-enemy-dissolve-8f-frame-02.png,.png,287053,512,512,0,255,f28ad031d83a92660672f9a4c82c7fc41d3d4de0d80a1f1f61079f4d28edc1b5
02_enemies/core_scribble_enemy/dissolve_8f/transparent/frames/core-enemy-dissolve-8f-frame-03.png,.png,254622,512,512,0,255,3a7fc53eff874015d51f54e1dbad7ae472a0416e37d4b6074c9dca7daaa0b925
02_enemies/core_scribble_enemy/dissolve_8f/transparent/frames/core-enemy-dissolve-8f-frame-04.png,.png,195568,512,512,0,255,549d44c0006c85a3827298210b4fe01e520bba5afb8443d71b5660bb9f6d152a
02_enemies/core_scribble_enemy/dissolve_8f/transparent/frames/core-enemy-dissolve-8f-frame-05.png,.png,146816,512,512,0,255,515a09b123e475e55a79bb3fb0a74a64b9c803fd22c3a42b4822b57b2bb71b22
02_enemies/core_scribble_enemy/dissolve_8f/transparent/frames/core-enemy-dissolve-8f-frame-06.png,.png,90504,512,512,0,255,85fe351c6b697bf59a1298d087091dd5e9b27250995e6f5fc79e522fe83e4fb9
02_enemies/core_scribble_enemy/dissolve_8f/transparent/frames/core-enemy-dissolve-8f-frame-07.png,.png,27924,512,512,0,255,1125500f3ceffdd5877585cfc0aaa602aaff277c208a320f2e2fbaf08fe6eefc
02_enemies/core_scribble_enemy/dissolve_8f/transparent/frames/core-enemy-dissolve-8f-frame-08.png,.png,2177,512,512,0,39,42396d1570e5be85ef8b44a341998a33618fc9655caf83123e4575a772564bd4
03_boss/concepts/final-boss-01.png,.png,312189,436,510,0,255,f86d058e1112b9749ad43035f8aafd45249d57ff366a1df1864701638426a40d
03_boss/concepts/final-boss-02.png,.png,1323961,775,745,0,255,20b89fc50d6fa003458f66c92f37544212651f5d02962a8d4378761d31ebc154
03_boss/concepts/final-boss-03.png,.png,397002,435,482,0,255,df6b6ca1e8a1a1c6fc122231bdb8ee2a1004f866fa21d9dbb5d4c650bbf45e34
03_boss/concepts/final-boss-04.png,.png,331526,525,314,0,255,db8f5a21e8e972adca46fe3e4bdaaba7f9e9543e3c207c45a798735ff205712b
03_boss/concepts/final-boss-05.png,.png,277871,460,289,0,255,8cba6e66ba3058d368f910f8e723ddd6633fac7f260c70d6505e400e7e028ca4
03_boss/concepts/final-boss-06.png,.png,390357,581,297,0,255,07af7517611d8a14beb8ae51ef5cc8c79a995d896424b1bb6c00669d7ec97039
03_boss/dissolve_20f/metadata.json,.json,243,,,,,7159407e5c9e96a5d8ddb03f3c6957cc902378563dd72be0fe134d5a3ff542fd
03_boss/dissolve_20f/opaque_navy/boss-dissolve-20f-sheet.png,.png,1681082,2560,2048,255,255,960beebe6f7f77353699c97bb84855133d10bfdee8b85e9cfeff874578a520c4
03_boss/dissolve_20f/opaque_navy/boss-dissolve-20f.gif,.gif,748019,512,512,255,255,713e99dbdd45e7b043f1a5b1c68438db7fae4c10dae11a5184aa78532d5aab65
03_boss/dissolve_20f/opaque_navy/frames/boss-dissolve-20f-frame-01.png,.png,95428,512,512,255,255,5fced6cbbfff3118ccfb6b7d0d7b20dfe3d0b41793034b2773f12e135e881756
03_boss/dissolve_20f/opaque_navy/frames/boss-dissolve-20f-frame-02.png,.png,93249,512,512,255,255,84cb93c75b4593cc74930d3e7fc640bc513e3dac41738037581b4124e4947850
03_boss/dissolve_20f/opaque_navy/frames/boss-dissolve-20f-frame-03.png,.png,89064,512,512,255,255,f9658cf86ab231afb95f611a6f765f689cddef70ca1831e63ea76368de93e6b7
03_boss/dissolve_20f/opaque_navy/frames/boss-dissolve-20f-frame-04.png,.png,78198,512,512,255,255,034b15f4b867150db34c77143fe26627aa52610c38577a44ec4bccf37e4c7b90
03_boss/dissolve_20f/opaque_navy/frames/boss-dissolve-20f-frame-05.png,.png,95417,512,512,255,255,ebeb6d95b26217a5796f951d9fb47c47efb2e3bbb4df63778601da81525bd3cc
03_boss/dissolve_20f/opaque_navy/frames/boss-dissolve-20f-frame-06.png,.png,85664,512,512,255,255,f12d0a9700b546f84554c79e2bba237478a93dec561f9863a68712ef53ae4316
03_boss/dissolve_20f/opaque_navy/frames/boss-dissolve-20f-frame-07.png,.png,72154,512,512,255,255,48e892b6eeb86fe48a9fe7e80360e7c84d6541dff46c39d7e0b615035a113a07
03_boss/dissolve_20f/opaque_navy/frames/boss-dissolve-20f-frame-08.png,.png,65850,512,512,255,255,76da6e3e01fbf63cc3c4ba6cf981cddaa961ec18dd770687c2bd8384cadabb96
03_boss/dissolve_20f/opaque_navy/frames/boss-dissolve-20f-frame-09.png,.png,83331,512,512,255,255,4120cd7e992e19a6dc46f85a58f889403c3b5378b8009374e6f59801682a67b1
03_boss/dissolve_20f/opaque_navy/frames/boss-dissolve-20f-frame-10.png,.png,83247,512,512,255,255,6a0c6d91a768077cdcbc4219dae0d6f993b4a318b5a15104c8ebcbbfe8e9dc22
03_boss/dissolve_20f/opaque_navy/frames/boss-dissolve-20f-frame-11.png,.png,78951,512,512,255,255,10110f540cc514f82f110ba909630f3810b1fd0edcb4e46dc9b1a7cbb10a68e8
03_boss/dissolve_20f/opaque_navy/frames/boss-dissolve-20f-frame-12.png,.png,79962,512,512,255,255,d835096008dce67b38d555bccb98a0989417ffeb33dac5879c3a0e3e39512f76
03_boss/dissolve_20f/opaque_navy/frames/boss-dissolve-20f-frame-13.png,.png,103017,512,512,255,255,04e04fcad46c652ac516914a0315e3dc940ac381bb15df4bb4b6a3492d3b85ca
03_boss/dissolve_20f/opaque_navy/frames/boss-dissolve-20f-frame-14.png,.png,110157,512,512,255,255,c510e1095ebcbb3065e70a4b956f19c3d0370d1ae13dc0bcb05467dbf081def0
03_boss/dissolve_20f/opaque_navy/frames/boss-dissolve-20f-frame-15.png,.png,110808,512,512,255,255,64a124960db3fcdadecc29794890c1dadcecb797bbf3b405bc3194b6a4b6d49e
03_boss/dissolve_20f/opaque_navy/frames/boss-dissolve-20f-frame-16.png,.png,111921,512,512,255,255,81610f82d5d59bad48b3071681adee710072d38cc141ac2d7cd31a6e4de498e4
03_boss/dissolve_20f/opaque_navy/frames/boss-dissolve-20f-frame-17.png,.png,59515,512,512,255,255,f448a6259d4e6b2a2f059f9b8599298027881a874e395e7bc9d1ea9d6d645a5a
03_boss/dissolve_20f/opaque_navy/frames/boss-dissolve-20f-frame-18.png,.png,64491,512,512,255,255,e981d46a63f158f12a9d7589752a4a4c243a14c756b792c8b49b1d599d54a4f7
03_boss/dissolve_20f/opaque_navy/frames/boss-dissolve-20f-frame-19.png,.png,50984,512,512,255,255,2edde61154923d8abb58a8dc43d40a4d2099f7a5166c252629fa9d5151251205
03_boss/dissolve_20f/opaque_navy/frames/boss-dissolve-20f-frame-20.png,.png,42592,512,512,255,255,177fc90aa7d89091eec762fee34eb531b648bce697016a8b07bcbd7e702f0438
03_boss/dissolve_20f/source/boss-dissolve-custom-20f-transparent-200ms.gif,.gif,601145,384,384,255,255,d5fd60b30353520d797fbdd344155f0ee7da94e6ee39e91aa3f2da0f7bcffbaa
03_boss/dissolve_20f/source/boss-dissolve-custom-20f-transparent-sheet.png,.png,1931853,7680,384,0,255,2d2219f76bb8c68b10c494f6f868a553e1e1f45ee637975e7e62e8538287e42f
03_boss/dissolve_20f/source/late-frames-checker-preview.png,.png,334367,1920,384,255,255,dae72a0a8aa7a99c8bde5ce48c82b5984bcdb6606f7ebaf843222e6c5b99e2e6
03_boss/dissolve_20f/transparent/boss-dissolve-20f-sheet.png,.png,1915226,2560,2048,0,255,85f048b3ee1de975eb5de2159fd667ea5a427d03db3aa03403ec5ccdd2c04af4
03_boss/dissolve_20f/transparent/boss-dissolve-20f.gif,.gif,621974,512,512,255,255,c1c7e248571a5fe5a071c58a66a49dabb8fe2cf1767bb05398c4940e0031912a
03_boss/dissolve_20f/transparent/frames/boss-dissolve-20f-frame-01.png,.png,108862,512,512,0,255,d98c2af4316972b49647ec7be814360949aa7a0ca81c7c7da8c855dab1b88c31
03_boss/dissolve_20f/transparent/frames/boss-dissolve-20f-frame-02.png,.png,106661,512,512,0,255,d9f183f182393adceb1da045f77c7ba15ce588b840505d51b37f8e1b085b2eb7
03_boss/dissolve_20f/transparent/frames/boss-dissolve-20f-frame-03.png,.png,102097,512,512,0,255,aeeb2f9eb2ae0b8b68b95ac04a204c28031cd54443a2346bf3aaa1a16bc72c82
03_boss/dissolve_20f/transparent/frames/boss-dissolve-20f-frame-04.png,.png,88706,512,512,0,255,894c3564df8de16c7ed39234647182fce26e30993cae5fc5c209e6888d6180f6
03_boss/dissolve_20f/transparent/frames/boss-dissolve-20f-frame-05.png,.png,109158,512,512,0,255,7ad75ca23dfa63eb9f474b6283f7e93e334d0f48cdb171b60bfb8229dac7b20c
03_boss/dissolve_20f/transparent/frames/boss-dissolve-20f-frame-06.png,.png,94714,512,512,0,255,d3de874ddec963006ec40e6d877ad3da62c8049bcd2742cb2d61a49ce5293104
03_boss/dissolve_20f/transparent/frames/boss-dissolve-20f-frame-07.png,.png,77104,512,512,0,255,61ac96f05294d95bc75074922702741e231f9297c874f6d116aff88a845097d1
03_boss/dissolve_20f/transparent/frames/boss-dissolve-20f-frame-08.png,.png,70779,512,512,0,255,cba3ff1d2b3035c8d3a17a3adb3bdefead1e09ba2298af3a7bf35e5bc6187918
03_boss/dissolve_20f/transparent/frames/boss-dissolve-20f-frame-09.png,.png,91246,512,512,0,255,03180db896aec1b261dbffc3c8422ebf3873fc37fbe6bf17ec70998a830ad4f6
03_boss/dissolve_20f/transparent/frames/boss-dissolve-20f-frame-10.png,.png,92111,512,512,0,255,ee718e06140fbd59d98443e4005b36b7f71812242655ae6f1d20c6f1a9a9e552
03_boss/dissolve_20f/transparent/frames/boss-dissolve-20f-frame-11.png,.png,86000,512,512,0,255,0b261619f48ea53dcfd427f87c1738801d120cf663a6013ee7ec9d97879f87cd
03_boss/dissolve_20f/transparent/frames/boss-dissolve-20f-frame-12.png,.png,87605,512,512,0,255,c7ad9435cab19b9619275c3e121e9241105fcab2174c02ed6f0b8195091db459
03_boss/dissolve_20f/transparent/frames/boss-dissolve-20f-frame-13.png,.png,114098,512,512,0,255,2b609554ff63ab7af864b091db9b4828eba35dbc8246a222d207c90e03bcb825
03_boss/dissolve_20f/transparent/frames/boss-dissolve-20f-frame-14.png,.png,123054,512,512,0,255,ea09472b4674a2b51acb7793e6a67753caa6968e8b7eaadf4f45643d44dcf38f
03_boss/dissolve_20f/transparent/frames/boss-dissolve-20f-frame-15.png,.png,124355,512,512,0,255,cccbeb66f0f137b9a75c8c4908296121e50f60ee1d5aad815577d1dd1db9d655
03_boss/dissolve_20f/transparent/frames/boss-dissolve-20f-frame-16.png,.png,124132,512,512,0,255,1392e569313ca3e043494d15b2cb744836cc1cdc44181149d9f683bb68cac34f
03_boss/dissolve_20f/transparent/frames/boss-dissolve-20f-frame-17.png,.png,66265,512,512,0,255,3de31e46a2a978054265796edb7960313bc2b465700886d5ed93801bdd7c5c7f
03_boss/dissolve_20f/transparent/frames/boss-dissolve-20f-frame-18.png,.png,72985,512,512,0,255,90f97f07dbff6000bb64548bb401777b2eaaaaef346df41af433838e52608a12
03_boss/dissolve_20f/transparent/frames/boss-dissolve-20f-frame-19.png,.png,56457,512,512,0,255,5838fbcb662acfce83de27b84b9b845a7ca6af4583644b026a03cfb44f51065b
03_boss/dissolve_20f/transparent/frames/boss-dissolve-20f-frame-20.png,.png,46205,512,512,0,255,07a59e98bc4ad64bfbc05a9aa5a7f9623cd0e017758159b2c874133fbb8acbaf
04_backgrounds/background-01-existing-vortex.png,.png,746847,623,623,255,255,4dea39c060021ae7440154a58610d7be763e95d835e6d994f0ecc30db1f20edb
04_backgrounds/background-02-existing-calm.png,.png,552958,623,624,255,255,4a885a98f6575c4311c20aad21b3a24d7a901e8a2c1bb2046997d600639a4726
04_backgrounds/background-03-existing-diagonal.png,.png,642387,623,624,255,255,a65fef892d4ca57ce2448fefb77700645cc2b183b96f499eeec06abf6c7dcb08
04_backgrounds/background-04-memory-frames-far.png,.png,2374554,1672,941,255,255,b3b7b303b45ab4803441156791ef4ac70316d0d5e31a5449c5cd389c699b9534
04_backgrounds/background-05-fading-memory-texture.png,.png,2592321,1672,941,255,255,0a563cb024fc371004670772d0246bc5b94bc4980dec6dcd06d6070798174a42
05_supporting_assets/boss_concepts/final-boss-01.png,.png,312189,436,510,0,255,f86d058e1112b9749ad43035f8aafd45249d57ff366a1df1864701638426a40d
05_supporting_assets/boss_concepts/final-boss-02.png,.png,1323961,775,745,0,255,20b89fc50d6fa003458f66c92f37544212651f5d02962a8d4378761d31ebc154
05_supporting_assets/boss_concepts/final-boss-03.png,.png,397002,435,482,0,255,df6b6ca1e8a1a1c6fc122231bdb8ee2a1004f866fa21d9dbb5d4c650bbf45e34
05_supporting_assets/boss_concepts/final-boss-04.png,.png,331526,525,314,0,255,db8f5a21e8e972adca46fe3e4bdaaba7f9e9543e3c207c45a798735ff205712b
05_supporting_assets/boss_concepts/final-boss-05.png,.png,277871,460,289,0,255,8cba6e66ba3058d368f910f8e723ddd6633fac7f260c70d6505e400e7e028ca4
05_supporting_assets/boss_concepts/final-boss-06.png,.png,390357,581,297,0,255,07af7517611d8a14beb8ae51ef5cc8c79a995d896424b1bb6c00669d7ec97039
05_supporting_assets/memory_frames/final-memory-frames-01.png,.png,274142,347,434,0,255,28af7436a5aa9241759a42ad24c3e62e1921e00e02ef923e970f28dd34cb7a49
05_supporting_assets/memory_frames/final-memory-frames-02.png,.png,282299,358,430,0,255,d134615786afa149dde86fd7b1f7a66dee098e8db3cfdcc702c6f35e79e82eab
05_supporting_assets/memory_frames/final-memory-frames-03.png,.png,323875,405,422,0,255,7182d0f751a6263c660021b5ffe1a164304f40fb140b748b4654879a032cf827
05_supporting_assets/memory_frames/final-memory-frames-04.png,.png,325774,417,424,0,255,9ad8a38fc927ec881c1c7c47183d16bec7f5f1f195862ab4d727a738ba6b3c12
05_supporting_assets/memory_frames/final-memory-frames-05.png,.png,298530,356,420,0,255,d68db459f684e9041a162a141c1aea14dfe21088f7114669b982b002e6d6e748
05_supporting_assets/memory_frames/final-memory-frames-06.png,.png,269877,324,418,0,255,a6da090363f97bf96d4a2c6c67600adc1aa3896c3b06c195b77bdd5ee97ce503
05_supporting_assets/memory_frames/final-memory-frames-07.png,.png,337304,396,420,0,255,13bf6b5e703a8b4f413bbfe118e5a7463a593f220c222853017ce2e9983d9325
05_supporting_assets/memory_frames/final-memory-frames-08.png,.png,325771,396,412,0,255,1427c4a8ad873f823ebc797317c21dd3d7f587dae849edd61b623141333fd846
05_supporting_assets/player_concepts/player-concept-01.png,.png,473253,667,1430,0,255,cfac0d4963ad08bd9c6ea81e0be0d778f9e65733c095b1d53b7e33b368b75834
05_supporting_assets/player_concepts/player-concept-02.png,.png,1419592,641,1314,0,254,9afbcfa7a68317ccb6f001c9f55f2612dfd04e6a94149df594a3b0d7296b2aae
05_supporting_assets/scene_mockups_reference/scene-mockup-a.png,.png,2151349,1672,941,255,255,deeaac57c743a2bf3380df8a57b70c656b4f9d437608ca3e2d4e3a42d1d83ad2
05_supporting_assets/scene_mockups_reference/scene-mockup-b.png,.png,2179283,1672,941,255,255,bb65d6180c65f63eb9237e0f78b1dcdde0c6b5fa53af12cbbbd2beb937c888ea
99_source_archive/chapter2-game-assets-separated-v3/00_overview/asset-manifest.csv,.csv,53319,,,,,2f2622d71079ea9f1ff8fd99dc1da4a7929ee301face02a3359025d543f1e119
99_source_archive/chapter2-game-assets-separated-v3/00_overview/contact-sheet-page-01.png,.png,1206708,1500,1870,255,255,6c3581317ffde02e7ca6d68e1a153863c098379bb3f78c07df1d680037b07b3d
99_source_archive/chapter2-game-assets-separated-v3/00_overview/contact-sheet-page-02.png,.png,1554532,1500,1870,255,255,2ad84c6584588083c584e707e028e841612095bc9276a99294df0c3401a2f4c1
99_source_archive/chapter2-game-assets-separated-v3/00_overview/contact-sheet-page-03.png,.png,1321567,1500,1870,255,255,93b1a5662b38ac0abcd79c82f1d3e4b929d2358cbe63bb5722dc62fde13a8d36
99_source_archive/chapter2-game-assets-separated-v3/00_overview/contact-sheet-page-04.png,.png,1296400,1500,1870,255,255,1714290341ae4287a0b8b1e967640cee62a18c36efa815f9b856d6dfe89742e1
99_source_archive/chapter2-game-assets-separated-v3/00_overview/contact-sheet-page-05.png,.png,789697,1500,1650,255,255,077534ac01ba914042d388aca1d3be1cd162937d628f3a31644d9f03175ba03f
99_source_archive/chapter2-game-assets-separated-v3/00_overview/README.md,.md,633,,,,,0b9c8ab1bb49357b9f6a73eb92618bd91c20e61521f14b1e1719ad3e75001334
99_source_archive/chapter2-game-assets-separated-v3/01_final/boss/defeat_foreground_20f/frame-01.png,.png,212795,384,365,0,255,38edb9970b06f46be9daafbdd3bf0c6159af428627b5a71b0e5dc39f46290974
99_source_archive/chapter2-game-assets-separated-v3/01_final/boss/defeat_foreground_20f/frame-02.png,.png,188386,384,316,0,255,f66b9d1ee12addd0937f7bbba6c56e1fb6a6b840829a3e15068a4cb1463bba77
99_source_archive/chapter2-game-assets-separated-v3/01_final/boss/defeat_foreground_20f/frame-03.png,.png,188762,384,317,0,255,ca2bb6ec1971465a461652a62eaa926e31b33a4e52946bd7a6982e7d4d6d8339
99_source_archive/chapter2-game-assets-separated-v3/01_final/boss/defeat_foreground_20f/frame-04.png,.png,183576,384,321,0,255,6a51c78deb825b9faaf7d5ad6eec8e70416be4274bd826fdf61991aba4cd1ee7
99_source_archive/chapter2-game-assets-separated-v3/01_final/boss/defeat_foreground_20f/frame-05.png,.png,187633,384,318,0,255,8896322d3b144dd08445039c69a6bf5abb88d9ff8640b402c05d3bcde5a4bc6d
99_source_archive/chapter2-game-assets-separated-v3/01_final/boss/defeat_foreground_20f/frame-06.png,.png,185941,384,322,0,255,72bcd8773462cbba032fb5ff12f4cdfe1c127e8a4bc582fedc13e68b4cc10025
99_source_archive/chapter2-game-assets-separated-v3/01_final/boss/defeat_foreground_20f/frame-07.png,.png,182002,384,317,0,255,83807ab4e5324e96aa04199bf573f4fc1a379f0e9cac0a033a309e687a48f522
99_source_archive/chapter2-game-assets-separated-v3/01_final/boss/defeat_foreground_20f/frame-08.png,.png,178236,384,316,0,255,13b7f47be832ea6d74b6d5950565d0a1b375c2047436b2fec4dcb909a8edebc7
99_source_archive/chapter2-game-assets-separated-v3/01_final/boss/defeat_foreground_20f/frame-09.png,.png,181161,384,307,0,255,f4e50fca55ccefaa934dc79d8cf335b658761059ed7fa1d4da1adf43540de17b
99_source_archive/chapter2-game-assets-separated-v3/01_final/boss/defeat_foreground_20f/frame-10.png,.png,184098,384,313,0,255,a3d0bddbcba6bfd3baa0690ce46f052715a8f19b1dc241ac4154deecb561517f
99_source_archive/chapter2-game-assets-separated-v3/01_final/boss/defeat_foreground_20f/frame-11.png,.png,178272,384,307,0,255,937f813fcca289805abcdbb41f5f74cb0d817f5d2fe3b54b201e9e7c91ccc7d1
99_source_archive/chapter2-game-assets-separated-v3/01_final/boss/defeat_foreground_20f/frame-12.png,.png,190740,384,331,0,255,5c0e775b2b68bebff17be826458faa9e6d7d18fe5002684cb9fe595619694577
99_source_archive/chapter2-game-assets-separated-v3/01_final/boss/defeat_foreground_20f/frame-13.png,.png,186261,384,303,0,255,015959d89035871878b3d976aa983d9adcb2678b84e5f9e25102b02513b1a934
99_source_archive/chapter2-game-assets-separated-v3/01_final/boss/defeat_foreground_20f/frame-14.png,.png,224216,384,304,0,255,787052cba175244e964104747b835e0e23cbcae405be8677b9ae951f7018414d
99_source_archive/chapter2-game-assets-separated-v3/01_final/boss/defeat_foreground_20f/frame-15.png,.png,224335,384,304,0,255,d9bd5653fb7b2018d43ffddd67b17277996369fc51d9711d3888f20c46160815
99_source_archive/chapter2-game-assets-separated-v3/01_final/boss/defeat_foreground_20f/frame-16.png,.png,224713,384,304,0,255,0f76b3581d180ed90e9cf5eab3b6fc0d7d02bb087b148a72349d71d0f6e953e4
99_source_archive/chapter2-game-assets-separated-v3/01_final/boss/defeat_foreground_20f/frame-17.png,.png,136283,384,250,0,255,bbd53555e667281ffeae3ca76a273c7a20e3d4141d81cc2823f98e420d904455
99_source_archive/chapter2-game-assets-separated-v3/01_final/boss/defeat_foreground_20f/frame-18.png,.png,149692,384,277,0,255,922af55b34ca39cfbb0d4f2ebe56e78fae522d141654e70854ef365a27167f3b
99_source_archive/chapter2-game-assets-separated-v3/01_final/boss/defeat_foreground_20f/frame-19.png,.png,116185,384,228,0,255,9ec47459f86af616403536375fa372485a2bf99f6a62f2fe0731c007bc3189a1
99_source_archive/chapter2-game-assets-separated-v3/01_final/boss/defeat_foreground_20f/frame-20.png,.png,76056,384,151,0,255,986ef3e2e5eeed0905b091566430e439985481c5202567d4adfe0910ca248e1e
99_source_archive/chapter2-game-assets-separated-v3/01_final/boss_concepts/final-boss-01.png,.png,312189,436,510,0,255,f86d058e1112b9749ad43035f8aafd45249d57ff366a1df1864701638426a40d
99_source_archive/chapter2-game-assets-separated-v3/01_final/boss_concepts/final-boss-02.png,.png,1323961,775,745,0,255,20b89fc50d6fa003458f66c92f37544212651f5d02962a8d4378761d31ebc154
99_source_archive/chapter2-game-assets-separated-v3/01_final/boss_concepts/final-boss-03.png,.png,397002,435,482,0,255,df6b6ca1e8a1a1c6fc122231bdb8ee2a1004f866fa21d9dbb5d4c650bbf45e34
99_source_archive/chapter2-game-assets-separated-v3/01_final/boss_concepts/final-boss-04.png,.png,331526,525,314,0,255,db8f5a21e8e972adca46fe3e4bdaaba7f9e9543e3c207c45a798735ff205712b
99_source_archive/chapter2-game-assets-separated-v3/01_final/boss_concepts/final-boss-05.png,.png,277871,460,289,0,255,8cba6e66ba3058d368f910f8e723ddd6633fac7f260c70d6505e400e7e028ca4
99_source_archive/chapter2-game-assets-separated-v3/01_final/boss_concepts/final-boss-06.png,.png,390357,581,297,0,255,07af7517611d8a14beb8ae51ef5cc8c79a995d896424b1bb6c00669d7ec97039
99_source_archive/chapter2-game-assets-separated-v3/01_final/enemies/final-enemy-01.png,.png,933667,1123,1065,0,255,ab2ee1aef724ee0858f34ec57a4ed2141b6ff40790a4ffa62e0cb5bfc58326d6
99_source_archive/chapter2-game-assets-separated-v3/01_final/enemies/final-enemy-02.png,.png,195747,287,358,0,255,42fe4e336fd1ff6f1e27774eac6320218fc94af14be495643f88d639eaf7935b
99_source_archive/chapter2-game-assets-separated-v3/01_final/enemies/final-enemy-03.png,.png,281374,384,358,0,255,461de62486b91a80a1cd4ac680be9a5b4017904c9ee64c29b8d47609f4552b03
99_source_archive/chapter2-game-assets-separated-v3/01_final/enemies/final-enemy-04.png,.png,415935,546,415,0,255,65feea4b9550948af21758f267a6f441c5cb54bd73e8e9df9846b061bde85d15
99_source_archive/chapter2-game-assets-separated-v3/01_final/enemies/final-enemy-05.png,.png,87942,204,217,0,255,614caf8732069b62b432221163feb70f7a639b891478733e98eaf20ea31b4a7d
99_source_archive/chapter2-game-assets-separated-v3/01_final/enemies/final-enemy-06.png,.png,114360,280,204,0,255,033bc5a47ca3c3348d8be4ea06a560334be5e2dcb6c26691bbbf6e019705673d
99_source_archive/chapter2-game-assets-separated-v3/01_final/enemies/final-enemy-07.png,.png,102162,250,241,0,255,d8d33061aa444174782a5ebdd1c697e52d3b5f2e55ec969237b1d09952b90d85
99_source_archive/chapter2-game-assets-separated-v3/01_final/enemies/final-enemy-08.png,.png,91186,233,251,0,255,79bb1683dea3250991209764fc1703a96caac83ee504008e714434590ca71c88
99_source_archive/chapter2-game-assets-separated-v3/01_final/enemies/final-enemy-09.png,.png,42198,143,164,0,255,86da75e59e5434c9f21819447763c611effdb3bb8c49858b6fef14aab3a4e40f
99_source_archive/chapter2-game-assets-separated-v3/01_final/enemies/final-enemy-10.png,.png,68171,170,206,0,255,8164c4d420e1af7983e4462d7524bac77c5a89cb6945ab94d01fd7f30360d62f
99_source_archive/chapter2-game-assets-separated-v3/01_final/enemies/final-enemy-11.png,.png,146305,226,284,0,255,58ab1d7e04c9c5b3bfe4964e54857a77c0e9dc3fdada42232e6a863f03795f47
99_source_archive/chapter2-game-assets-separated-v3/01_final/memory_frames/final-memory-frames-01.png,.png,274142,347,434,0,255,28af7436a5aa9241759a42ad24c3e62e1921e00e02ef923e970f28dd34cb7a49
99_source_archive/chapter2-game-assets-separated-v3/01_final/memory_frames/final-memory-frames-02.png,.png,282299,358,430,0,255,d134615786afa149dde86fd7b1f7a66dee098e8db3cfdcc702c6f35e79e82eab
99_source_archive/chapter2-game-assets-separated-v3/01_final/memory_frames/final-memory-frames-03.png,.png,323875,405,422,0,255,7182d0f751a6263c660021b5ffe1a164304f40fb140b748b4654879a032cf827
99_source_archive/chapter2-game-assets-separated-v3/01_final/memory_frames/final-memory-frames-04.png,.png,325774,417,424,0,255,9ad8a38fc927ec881c1c7c47183d16bec7f5f1f195862ab4d727a738ba6b3c12
99_source_archive/chapter2-game-assets-separated-v3/01_final/memory_frames/final-memory-frames-05.png,.png,298530,356,420,0,255,d68db459f684e9041a162a141c1aea14dfe21088f7114669b982b002e6d6e748
99_source_archive/chapter2-game-assets-separated-v3/01_final/memory_frames/final-memory-frames-06.png,.png,269877,324,418,0,255,a6da090363f97bf96d4a2c6c67600adc1aa3896c3b06c195b77bdd5ee97ce503
99_source_archive/chapter2-game-assets-separated-v3/01_final/memory_frames/final-memory-frames-07.png,.png,337304,396,420,0,255,13bf6b5e703a8b4f413bbfe118e5a7463a593f220c222853017ce2e9983d9325
99_source_archive/chapter2-game-assets-separated-v3/01_final/memory_frames/final-memory-frames-08.png,.png,325771,396,412,0,255,1427c4a8ad873f823ebc797317c21dd3d7f587dae849edd61b623141333fd846
99_source_archive/chapter2-game-assets-separated-v3/01_final/player/concept/player-concept-01.png,.png,473253,667,1430,0,255,cfac0d4963ad08bd9c6ea81e0be0d778f9e65733c095b1d53b7e33b368b75834
99_source_archive/chapter2-game-assets-separated-v3/01_final/player/concept/player-concept-02.png,.png,1419592,641,1314,0,254,9afbcfa7a68317ccb6f001c9f55f2612dfd04e6a94149df594a3b0d7296b2aae
99_source_archive/chapter2-game-assets-separated-v3/01_final/player/idle/idle-frame-01.png,.png,80007,237,486,0,255,0dc171866258bd193c4c748f5c5c6ba35e5158b738bfb09c513d24dbadd58f38
99_source_archive/chapter2-game-assets-separated-v3/01_final/player/idle/idle-frame-02.png,.png,80253,235,486,0,255,660ea10c42f16a3c147bb5868d3647d4d5139baf91b337c2920a2b6842f810b7
99_source_archive/chapter2-game-assets-separated-v3/01_final/player/idle/idle-frame-03.png,.png,79156,231,486,0,255,a50a46fe1d0b32f0d4fc9914126286ff0b17af010e57148501408f61dc7a6b9e
99_source_archive/chapter2-game-assets-separated-v3/01_final/player/idle/idle-frame-04.png,.png,81094,239,486,0,255,4c05d16a4d515dfaf08fa9fca6212dad82659e8bf4d8a21c2dac52555ad14727
99_source_archive/chapter2-game-assets-separated-v3/01_final/player/idle/idle-frame-05.png,.png,81719,241,486,0,255,724de314ac2a78df1b6662ed756e523586b88d5c12adf368330c13827bcc2828
99_source_archive/chapter2-game-assets-separated-v3/01_final/player/idle/idle-frame-06.png,.png,81117,238,486,0,255,dc3509277c86ff8afce8bc4b82621a87f203cc5a38e46c8140867d2f212b67ea
99_source_archive/chapter2-game-assets-separated-v3/01_final/player/jump/jump-frame-01.png,.png,88271,358,399,0,255,34226c15a52bf0de26bc3a56c740c24cf7d26a424cf9523b3ca70872945116fe
99_source_archive/chapter2-game-assets-separated-v3/01_final/player/jump/jump-frame-02.png,.png,92049,342,446,0,255,0c1f54372025c738e84eca8ddc688557e4e1b50098530f29c51de46f3d0fb075
99_source_archive/chapter2-game-assets-separated-v3/01_final/player/jump/jump-frame-03.png,.png,87693,322,431,0,255,c911c2ba25e018eb9b0a3472080771f156a841de5fb87e08b6781449c7af6bd1
99_source_archive/chapter2-game-assets-separated-v3/01_final/player/jump/jump-frame-04.png,.png,82675,335,402,0,255,d4730585618e37d74e02f6c0689c35238a2152e0773a1263e3873b0cef12b64e
99_source_archive/chapter2-game-assets-separated-v3/01_final/player/jump/jump-frame-05.png,.png,88424,321,456,0,255,6dd42939f75f3c7a98e2b81c9376329522168e4f45272f7bd5282c9d0c73a827
99_source_archive/chapter2-game-assets-separated-v3/01_final/player/jump/jump-frame-06.png,.png,86194,357,379,0,255,74422dfb4f9f2fe584e63c8a7f2c23f2a034dedfd378c4c985e3f19eeb25a295
99_source_archive/chapter2-game-assets-separated-v3/01_final/player/walk/walk-frame-01.png,.png,83383,263,487,0,255,84541c3901678afe66172a08b457bff921a026c7233923e10bc9ce4ff684c5f3
99_source_archive/chapter2-game-assets-separated-v3/01_final/player/walk/walk-frame-02.png,.png,83447,244,487,0,255,59822040adf0a3324636232a0b030f28a5279ade1aa2de7dce68654a5a90e6f5
99_source_archive/chapter2-game-assets-separated-v3/01_final/player/walk/walk-frame-03.png,.png,76280,229,487,0,255,5dbdeb2c87e56a819deb4364fef9d4f8e7e6747d133f15970b3c5f5481083de8
99_source_archive/chapter2-game-assets-separated-v3/01_final/player/walk/walk-frame-04.png,.png,80628,248,487,0,255,80d13da09a7c686b43c04dcbb495e6dd569f3e7ad467cb6274eab34b759cc45e
99_source_archive/chapter2-game-assets-separated-v3/01_final/player/walk/walk-frame-05.png,.png,85699,287,484,0,255,6dfbd8f09e1b320988ad9b8d72cff1595ccabb7803dd53e4e9ded6d7538a307c
99_source_archive/chapter2-game-assets-separated-v3/01_final/player/walk/walk-frame-06.png,.png,84674,254,485,0,255,81e2c80546b464d002e5d3bcdb7a77ca85805721b277335a4fad73aa0fb49bd3
99_source_archive/chapter2-game-assets-separated-v3/01_final/player/walk/walk-frame-07.png,.png,75040,229,485,0,255,18aa9dd59c91c91ad3b6ce65cfd1f6a6e9e1030ceaec119ea00ff66dd8e46de6
99_source_archive/chapter2-game-assets-separated-v3/01_final/player/walk/walk-frame-08.png,.png,79493,248,485,0,255,fcb5dc78a797464b4ac9c3dc30581aa55de7df8ac8adf7c3dbac74add63660aa
99_source_archive/chapter2-game-assets-separated-v3/02_all_generated_cutouts/boss_animation_concepts/boss-animation-concepts-2dcd6513-01.png,.png,1936929,1254,850,0,255,634b82de1a0d81e25de78943ae8fa1a42bfe52a78e47175d3c4d3f5ac3b4099d
99_source_archive/chapter2-game-assets-separated-v3/02_all_generated_cutouts/boss_animation_concepts/boss-animation-concepts-62f2a2ba-01.png,.png,221594,322,306,0,255,849c4503f4385628568061c6bd54dc6719b35b42573b38d542dedfa2005d6641
99_source_archive/chapter2-game-assets-separated-v3/02_all_generated_cutouts/boss_animation_concepts/boss-animation-concepts-62f2a2ba-02.png,.png,406365,636,283,0,255,4dadbf54174a850cd41272d531df90ff9d8c2aa0130fa047e26799e352c6fc71
99_source_archive/chapter2-game-assets-separated-v3/02_all_generated_cutouts/boss_animation_concepts/boss-animation-concepts-62f2a2ba-03.png,.png,194306,308,283,0,255,248ed69cfa4cc0bcf6252ddb53611c437a8a9118360dc7f59b6c86b49240b297
99_source_archive/chapter2-game-assets-separated-v3/02_all_generated_cutouts/boss_animation_concepts/boss-animation-concepts-62f2a2ba-04.png,.png,773526,1254,275,0,255,23ead81399ef0743c65f5c1b30384041c188587c1a651b6a26d200e4cad2cee9
99_source_archive/chapter2-game-assets-separated-v3/02_all_generated_cutouts/boss_animation_concepts/boss-animation-concepts-62f2a2ba-05.png,.png,736297,1254,269,0,255,6a2f6b3924b463f88aae8c7c8b549004d17f8f3534712f916ea9cd3c73cafb37
99_source_archive/chapter2-game-assets-separated-v3/02_all_generated_cutouts/boss_animation_concepts/boss-animation-concepts-62f2a2ba-06.png,.png,39174,123,154,0,255,2e42620f05103facc528c45382c2e256175f73db9e8ec9ae3c873f399e0a58f8
99_source_archive/chapter2-game-assets-separated-v3/02_all_generated_cutouts/boss_animation_concepts/boss-animation-concepts-62f2a2ba-07.png,.png,145125,302,231,0,255,b0e93cf895e9c4260218eb725c4ebb0b2943275debefae0132df0fe9e7ff03d7
99_source_archive/chapter2-game-assets-separated-v3/02_all_generated_cutouts/boss_animation_concepts/boss-animation-concepts-62f2a2ba-08.png,.png,33260,126,138,0,255,1626cc369673921a0cc54782795b9d39fd0a5d8e5b70e34a6bd94214d60b7018
99_source_archive/chapter2-game-assets-separated-v3/02_all_generated_cutouts/boss_animation_concepts/boss-animation-concepts-62f2a2ba-09.png,.png,30737,127,130,0,255,814485bd923006eb6213e3ce043161d883fb48d93c073764ea3fddacfd681856
99_source_archive/chapter2-game-assets-separated-v3/02_all_generated_cutouts/boss_animation_concepts/boss-animation-concepts-62f2a2ba-10.png,.png,143877,300,234,0,255,b3899325c0ecefff2d281da4bb9e93eacc0fb0166690b9b5cbbc95738e3b3ac3
99_source_archive/chapter2-game-assets-separated-v3/02_all_generated_cutouts/boss_animation_concepts/boss-animation-concepts-62f2a2ba-11.png,.png,130723,300,230,0,255,2096ac9135785fed3a1a968425f904fb20baf7b23fe77f50f1520ccae3d64bf8
99_source_archive/chapter2-game-assets-separated-v3/02_all_generated_cutouts/boss_animation_concepts/boss-animation-concepts-62f2a2ba-12.png,.png,25038,100,123,0,255,69d63fa3e99669573d06fe82ed5a9d348ed8e3f4815b27584a3823143d6bfe77
99_source_archive/chapter2-game-assets-separated-v3/02_all_generated_cutouts/boss_animation_concepts/boss-animation-concepts-62f2a2ba-13.png,.png,75827,301,130,0,255,c226b7852f3576f9f9cda3295935ff6cffd8d039190f795d6edf0cf14dfbfbb5
99_source_archive/chapter2-game-assets-separated-v3/02_all_generated_cutouts/boss_animation_concepts/boss-animation-concepts-c73de297-01.png,.png,1644648,1201,582,0,255,3eeeae34688e921d1eeeefb10fe7bae345c5d8c897e5cee3d59fe635771059b4
99_source_archive/chapter2-game-assets-separated-v3/02_all_generated_cutouts/boss_animation_concepts/boss-animation-concepts-c73de297-02.png,.png,1461726,1201,535,0,255,d67f87062feed8a9e94812a77e0fd2dc1172b2a0ad52a78cdfe46637d31f159e
99_source_archive/chapter2-game-assets-separated-v3/02_all_generated_cutouts/boss_animation_concepts/boss-animation-concepts-e29b9099-01.png,.png,1287780,1254,602,0,255,5f1a2ca6ff6f3fb65060bdb64a728aa87b1c3adc308181cb1ae95d1291c4584d
99_source_archive/chapter2-game-assets-separated-v3/02_all_generated_cutouts/boss_animation_concepts/boss-animation-concepts-e29b9099-02.png,.png,4093,48,52,0,255,2be06f6011a260fe1798a23689c0f2145a994b3a0d3ebef833e6cb8887f05272
99_source_archive/chapter2-game-assets-separated-v3/02_all_generated_cutouts/boss_animation_concepts/boss-animation-concepts-e29b9099-03.png,.png,4099,48,52,0,255,48afa3cbc5f400e18c57c5355d2e8e1396fade4a011bd98a8e7c792025b7b08a
99_source_archive/chapter2-game-assets-separated-v3/02_all_generated_cutouts/boss_animation_concepts/boss-animation-concepts-e29b9099-04.png,.png,5016,50,64,0,255,96e2ebd733400fc2f73060161f1820404bc1a5cd944feb2ad9c82b5a50681030
99_source_archive/chapter2-game-assets-separated-v3/02_all_generated_cutouts/boss_animation_concepts/boss-animation-concepts-e29b9099-05.png,.png,5035,50,64,0,255,b2f721c68e5e4fa87df8937f82849182c8f1139b36340c5e42a9d76658ff3d59
99_source_archive/chapter2-game-assets-separated-v3/02_all_generated_cutouts/boss_animation_concepts/boss-animation-concepts-e29b9099-06.png,.png,1308041,1254,611,0,255,cc4ebf421112641cd56ab5a1aec83baf452127c161f2bfaefbb0895154ff9438
99_source_archive/chapter2-game-assets-separated-v3/02_all_generated_cutouts/boss_animation_concepts/boss-animation-concepts-e29b9099-07.png,.png,4037,48,51,0,255,f3079d195eeb99f4add68f407d3f1f23e09abfe018464ad34fc4653eec5d7933
99_source_archive/chapter2-game-assets-separated-v3/02_all_generated_cutouts/boss_animation_concepts/boss-animation-concepts-e29b9099-08.png,.png,4057,48,51,0,255,6b9f12a5ceded576bef703f809246601ab0acc74a8a905207b553679559ac84e
99_source_archive/chapter2-game-assets-separated-v3/02_all_generated_cutouts/boss_animation_concepts/boss-animation-concepts-e29b9099-09.png,.png,5079,50,65,0,255,9eab52e31ff9914c8f6bcdb5d67d380d5b5d5e22ad5759514b77448c915bb058
99_source_archive/chapter2-game-assets-separated-v3/02_all_generated_cutouts/boss_animation_concepts/boss-animation-concepts-e29b9099-10.png,.png,4972,50,65,0,255,4ea23a720a94ac191af0ebd3ca0b0e2e83c6795bf2588d21fb07915844320389
99_source_archive/chapter2-game-assets-separated-v3/02_all_generated_cutouts/boss_concepts/boss-concepts-5106ff20-01.png,.png,2696121,1308,1024,0,255,ef03ad9a156ecea332ca8c61125ef134c94dd138ba4bece5ca9d1bd0761ccd24
99_source_archive/chapter2-game-assets-separated-v3/02_all_generated_cutouts/boss_concepts/boss-concepts-5106ff20-02.png,.png,418785,455,495,0,255,a32b526ea2aece7432945e382d045e8f24ca9ca7b65818f716165aa15097c14f
99_source_archive/chapter2-game-assets-separated-v3/02_all_generated_cutouts/boss_concepts/boss-concepts-5106ff20-03.png,.png,454491,569,363,0,255,6a5eb4d97620e6db8d7e197a9e8ce18bdeaaa6dbc9f74a46e95d3ecce6eea3e8
99_source_archive/chapter2-game-assets-separated-v3/02_all_generated_cutouts/boss_concepts/boss-concepts-83d4fdf1-01.png,.png,833177,536,1014,0,255,0e5e7b127706a815ba9d706ec8a665207d318107a020ddbf49e9f9402e304001
99_source_archive/chapter2-game-assets-separated-v3/02_all_generated_cutouts/boss_concepts/boss-concepts-83d4fdf1-02.png,.png,379545,438,532,0,255,3bfbf93013986d06aea3bc8a103bcca593bd3b5ef50449a9a171e0dec8b21017
99_source_archive/chapter2-game-assets-separated-v3/02_all_generated_cutouts/boss_concepts/boss-concepts-83d4fdf1-03.png,.png,244955,348,520,0,255,e7890ca8fef4213576a483036b3d38f296e433755abdf178604bcef3579f8c7f
99_source_archive/chapter2-game-assets-separated-v3/02_all_generated_cutouts/boss_concepts/boss-concepts-83d4fdf1-04.png,.png,198787,334,372,0,255,18bc965a55d8bfc4d734e5d769cc7e2150da083e10cbe736faff0bdfd7b7cbd0
99_source_archive/chapter2-game-assets-separated-v3/02_all_generated_cutouts/boss_concepts/boss-concepts-83d4fdf1-05.png,.png,283050,460,356,0,255,1a028d371d5b3c2b65b24002721edccb66359b93eaa8a9b881a64a181cab49b2
99_source_archive/chapter2-game-assets-separated-v3/02_all_generated_cutouts/crack_decals/crack-decals-b249e73a-01.png,.png,92713,356,407,0,255,8419f7d5dbb4a0d93beb2c4c922649858915dfa226150f9d8197aec38c353011
99_source_archive/chapter2-game-assets-separated-v3/02_all_generated_cutouts/crack_decals/crack-decals-b249e73a-02.png,.png,93312,363,402,0,255,9c53c428c7f992eff11a539a84c846fa4a39247f03a691eeb1ad81ffae17e193
99_source_archive/chapter2-game-assets-separated-v3/02_all_generated_cutouts/crack_decals/crack-decals-b249e73a-03.png,.png,68680,293,349,0,255,b7d914d7c87253cbc2e9c4ce4c85206432758004065a838f2ff4daf4cb574e10
99_source_archive/chapter2-game-assets-separated-v3/02_all_generated_cutouts/crack_decals/crack-decals-b249e73a-04.png,.png,63733,266,302,0,255,7dfcd8e1febbae5b1e2deec67a404857aff86eca2d3f677a45b25a61a20b2120
99_source_archive/chapter2-game-assets-separated-v3/02_all_generated_cutouts/crack_decals/crack-decals-b249e73a-05.png,.png,119009,363,380,0,255,65850f1d5b88905a5e4212b830328b44d5075c3b48d2277a6833564f79fa1739
99_source_archive/chapter2-game-assets-separated-v3/02_all_generated_cutouts/crack_decals/crack-decals-b249e73a-06.png,.png,114321,366,403,0,255,18d20f308aebb6b7cd16e2959a2e935d077f380a8ee9e44792c65e5ab8ec77c1
99_source_archive/chapter2-game-assets-separated-v3/02_all_generated_cutouts/crack_decals/crack-decals-b249e73a-07.png,.png,143482,408,399,0,255,b30d178de0ece5e39cba29388916f388b490e4ca1aa2f6115404252a8d84d503
99_source_archive/chapter2-game-assets-separated-v3/02_all_generated_cutouts/crack_decals/crack-decals-b249e73a-08.png,.png,234995,391,390,0,255,9bd41a104b23c1639d0ba422ed8d45c960b14edc85ab6d4ed6070d8500959e57
99_source_archive/chapter2-game-assets-separated-v3/02_all_generated_cutouts/crack_decals/crack-decals-b249e73a-09.png,.png,2689,42,58,0,251,40a543f9e1e061a4aa3be293fc8ba276dbbbabdbe3174d96ec3948bf47bcb887
99_source_archive/chapter2-game-assets-separated-v3/02_all_generated_cutouts/crack_decals/crack-decals-b249e73a-10.png,.png,2586,52,58,0,247,e8ec7e281b3760777547baa5507ecd8bdc1ceebe802df14cb20ed9254488b74e
99_source_archive/chapter2-game-assets-separated-v3/02_all_generated_cutouts/crack_decals/crack-decals-b249e73a-11.png,.png,3136,56,62,0,243,abeb13a61e62aacf9d1196ad15c58e7d96ca3dd322b268f0c2048a8d51073edb
99_source_archive/chapter2-game-assets-separated-v3/02_all_generated_cutouts/enemies/enemies-348a4cda-01.png,.png,10545,64,80,0,255,2dc5790c38c38b1b2f639bcdb1f0d4ba20b390b2550c0f795cb142def7c1f0e1
99_source_archive/chapter2-game-assets-separated-v3/02_all_generated_cutouts/enemies/enemies-348a4cda-02.png,.png,374974,434,462,0,255,71a1b0ad2a30a8bdb6cdd3e4c841fa6f11d50193b46df546180e8d4032808839
99_source_archive/chapter2-game-assets-separated-v3/02_all_generated_cutouts/enemies/enemies-348a4cda-03.png,.png,367536,436,456,0,255,7664d811a277fd336c86a9d10e32c171934147268224e41a3cdc6c819e541a21
99_source_archive/chapter2-game-assets-separated-v3/02_all_generated_cutouts/enemies/enemies-348a4cda-04.png,.png,356659,450,422,0,255,f154226cdea83ea863aa5bd00d48440c89e94033faf1c9f95aaa84cba6ffe420
99_source_archive/chapter2-game-assets-separated-v3/02_all_generated_cutouts/enemies/enemies-5e7c2066-01.png,.png,274981,406,433,0,255,f4e731f2bd1cf4147b8cd26f11525a6f873252cc5ab09cc5a327b5afef115e9e
99_source_archive/chapter2-game-assets-separated-v3/02_all_generated_cutouts/enemies/enemies-5e7c2066-02.png,.png,197646,328,362,0,255,e74d712ebcf67206e98a6ba5d3a0de1a9b2d5423d476af76dedb4348eda5660d
99_source_archive/chapter2-game-assets-separated-v3/02_all_generated_cutouts/enemies/enemies-5e7c2066-03.png,.png,185788,420,290,0,255,dacb5c222fedaa070ae2818c66130fa59a42c17a43d69f6abe08e5ae25ffeb13
99_source_archive/chapter2-game-assets-separated-v3/02_all_generated_cutouts/enemies/enemies-5e7c2066-04.png,.png,362277,432,443,0,255,739b89881f18f4d14ac83e78e9f8a3b85c2c816bffe64dba6322bbe7d43333ec
99_source_archive/chapter2-game-assets-separated-v3/02_all_generated_cutouts/enemies/enemies-5e7c2066-05.png,.png,302335,378,408,0,255,abc871b0bf66e3490fb323d62fb34fe3e6e329162c49c81a65508f1ccd6c9352
99_source_archive/chapter2-game-assets-separated-v3/02_all_generated_cutouts/enemies/enemies-5e7c2066-06.png,.png,275677,444,356,0,255,30d0e69f66adba847ce6af2ead931e87fc6e01b74978d53b5f2fb97a05594b17
99_source_archive/chapter2-game-assets-separated-v3/02_all_generated_cutouts/enemies/enemies-69a7990d-01.png,.png,2215962,1536,1008,0,253,7271e986b43d88451b1fb43e31b88fe0aa7bbb9c21533bb1528e47aebaa4ecb8
99_source_archive/chapter2-game-assets-separated-v3/02_all_generated_cutouts/enemies/enemies-832015a9-01.png,.png,11195,74,89,0,255,022671386d03a02d085c0a4388d9ed6cfdf45b4ad93ab644eeea9f78c7578a80
99_source_archive/chapter2-game-assets-separated-v3/02_all_generated_cutouts/enemies/enemies-832015a9-02.png,.png,10415,109,60,0,254,833115cd506210e6efc5048ab60d06fe32a9c66812bcd1e0f0f9e8fda4fd88a3
99_source_archive/chapter2-game-assets-separated-v3/02_all_generated_cutouts/enemies/enemies-832015a9-03.png,.png,272929,414,410,0,255,62e777d18ca6bc14f7c0673b5c15607c5fba9b29a24bc749277d43a8761ee997
99_source_archive/chapter2-game-assets-separated-v3/02_all_generated_cutouts/enemies/enemies-832015a9-04.png,.png,227455,340,424,0,255,fc3c39f9a707900938062350862d6fee965c6c556414aa266049ab7eaae2d628
99_source_archive/chapter2-game-assets-separated-v3/02_all_generated_cutouts/enemies/enemies-832015a9-05.png,.png,264157,488,380,0,255,f4006549dff70716d677cc3fc06331861f099f63c340c880bbf2ef260ac80ef9
99_source_archive/chapter2-game-assets-separated-v3/02_all_generated_cutouts/enemies/enemies-996d52cc-01.png,.png,227538,392,376,0,255,ce1e36e7ff5a87ae0dd7154dfdfd1ccc4d52017ca3ee7e1074bcf081ce91afeb
99_source_archive/chapter2-game-assets-separated-v3/02_all_generated_cutouts/enemies/enemies-996d52cc-02.png,.png,188401,330,392,0,255,3cc03a67ad2ac3ef87d047b29862a938cb584c0909cae74c1d53ee8ebe1cb40a
99_source_archive/chapter2-game-assets-separated-v3/02_all_generated_cutouts/enemies/enemies-996d52cc-03.png,.png,234409,452,362,0,255,aa03db83d2e0cc133fa42c4bb1972a887f181036730d98f3835b7a74b4dc1d53
99_source_archive/chapter2-game-assets-separated-v3/02_all_generated_cutouts/enemies/enemies-996d52cc-04.png,.png,281957,414,410,0,255,e30ce9b055b7df58cfd4ee809e1bddb3ead9c9ea381def032dcf29bb60ff724e
99_source_archive/chapter2-game-assets-separated-v3/02_all_generated_cutouts/enemies/enemies-996d52cc-05.png,.png,234298,340,424,0,255,5057e364e2eb297770643ddea3ef1e351cb666fd70672852482f2a02e162dec5
99_source_archive/chapter2-game-assets-separated-v3/02_all_generated_cutouts/enemies/enemies-996d52cc-06.png,.png,271981,488,380,0,255,067ccfc590fa25ea7946fe446dd73ec58090fd2e09cac4db55a8b050cdff8710
99_source_archive/chapter2-game-assets-separated-v3/02_all_generated_cutouts/enemies/enemies-e5bcd28f-01.png,.png,276099,384,358,0,255,c9e4d594e55f7818c611b1f836b9f97704c94d425058cb5698a952406a3b426d
99_source_archive/chapter2-game-assets-separated-v3/02_all_generated_cutouts/enemies/enemies-e5bcd28f-02.png,.png,170695,260,335,0,255,85b098fc5a7370093644cce58ac4a54506844d5aa82d411680a044e1c772bccb
99_source_archive/chapter2-game-assets-separated-v3/02_all_generated_cutouts/enemies/enemies-e5bcd28f-03.png,.png,431186,546,439,0,255,409b0949cfb6baa52b0fd48e8f44e71f7e1528a96c57de39785e0690c339c42e
99_source_archive/chapter2-game-assets-separated-v3/02_all_generated_cutouts/enemies/enemies-e5bcd28f-04.png,.png,148775,242,284,0,255,b99a1223185a90110068dcb357c263d95c6daa66ec0e0401f5d89e6775e20a04
99_source_archive/chapter2-game-assets-separated-v3/02_all_generated_cutouts/enemies/enemies-e5bcd28f-05.png,.png,4393,55,51,0,255,2f74addd840a41780246d97ed1fe9b998eabaff1a5cf65367455eb7165ec2884
99_source_archive/chapter2-game-assets-separated-v3/02_all_generated_cutouts/enemies/enemies-e5bcd28f-06.png,.png,80689,204,195,0,255,6d1e3f76e7a08d93cf37e5fa45079df0174717f80d628efb1da527d0950acecb
99_source_archive/chapter2-game-assets-separated-v3/02_all_generated_cutouts/enemies/enemies-e5bcd28f-07.png,.png,67210,169,206,0,255,155ca436a66f242c8a6c4716dd5f1fbb2d7df2ee2a5b602cc8d8854b2d01263f
99_source_archive/chapter2-game-assets-separated-v3/02_all_generated_cutouts/enemies/enemies-e5bcd28f-08.png,.png,102499,290,168,0,255,fdd1b80e5754d44aecadc587fe56d09ffead6cdf06a5a5df3e3efa8829a224bb
99_source_archive/chapter2-game-assets-separated-v3/02_all_generated_cutouts/enemies/enemies-e5bcd28f-09.png,.png,75098,192,196,0,255,10368482752562227272fd08c1ba55c053b858d15f77372214b043a95dda7b5b
99_source_archive/chapter2-game-assets-separated-v3/02_all_generated_cutouts/enemies/enemies-e5bcd28f-10.png,.png,73280,212,202,0,255,2001135c2949f8787d7cc7d63109a492233152ff857d362d39cb1c8528c21dc3
99_source_archive/chapter2-game-assets-separated-v3/02_all_generated_cutouts/enemies/enemies-e5bcd28f-11.png,.png,23920,102,108,0,255,d6c6caac8b13ef00e6b0129b9271b9eed77b6e49602fca95b9f2be0da2b33bf6
99_source_archive/chapter2-game-assets-separated-v3/02_all_generated_cutouts/enemies/enemies-e5bcd28f-12.png,.png,5360,85,43,0,255,6da0490fb6b914ef139a3dea6f949033b6cf1529c23f82a98cc13c548d140c0e
99_source_archive/chapter2-game-assets-separated-v3/02_all_generated_cutouts/enemies/enemies-e5bcd28f-13.png,.png,5800,116,30,0,255,5ef8cc439bc9b1c481a9e262fe18b0014a9c69593f12974052772a2e86e35e7a
99_source_archive/chapter2-game-assets-separated-v3/02_all_generated_cutouts/flashlights/flashlights-c11f1f97-01.png,.png,228097,507,449,0,255,689b7248c6d5f6c7fa0c1e0d0216830f6052b0fc3a9d2b0cfc0ae0e75976b8e2
99_source_archive/chapter2-game-assets-separated-v3/02_all_generated_cutouts/flashlights/flashlights-c11f1f97-02.png,.png,208797,447,439,0,255,dd6e43ddb9c19c87f0ad450ecb0ef25b7c1d9bd8559eb823ac66aa6383632eae
99_source_archive/chapter2-game-assets-separated-v3/02_all_generated_cutouts/flashlights/flashlights-c11f1f97-03.png,.png,253638,591,318,0,255,f2a8543d128f16860444aeca0351dc22117854e0b67a91405406fda840985319
99_source_archive/chapter2-game-assets-separated-v3/02_all_generated_cutouts/flashlights/flashlights-c11f1f97-04.png,.png,226886,524,296,0,255,2a6c41d473adbd77f461166b67ceeeca696d4f94f2ffac6be189c6f32c29bbe6
99_source_archive/chapter2-game-assets-separated-v3/02_all_generated_cutouts/frames/frames-284bd788-01.png,.png,347941,520,624,0,255,4213faf172585f48b9d236f5442e8d6a81f0a75d96c76ce4df6c3ee62d9025e9
99_source_archive/chapter2-game-assets-separated-v3/02_all_generated_cutouts/frames/frames-284bd788-02.png,.png,415348,520,624,0,255,24e5722410c90274b77b92e5c65997ec972650aa48138ed0072748d2596ed2ff
99_source_archive/chapter2-game-assets-separated-v3/02_all_generated_cutouts/frames/frames-284bd788-03.png,.png,507186,520,624,0,255,b3d18ae71dda772fd32b7d06e646342f72b9e49003f94ed82f2cb9017ce653a0
99_source_archive/chapter2-game-assets-separated-v3/02_all_generated_cutouts/frames/frames-284bd788-04.png,.png,524813,517,624,0,255,431ef9b890904a49e5f6401b14fbb276cafc3870734772690875847b180423c6
99_source_archive/chapter2-game-assets-separated-v3/02_all_generated_cutouts/light_effects/light-effects-57736ba5-01.png,.png,57124,244,243,0,254,d178b74f504c0762ff2ad607bfc6ac72e233cc989ce12a24d923bb6392ce5836
99_source_archive/chapter2-game-assets-separated-v3/02_all_generated_cutouts/light_effects/light-effects-57736ba5-02.png,.png,82264,394,223,0,254,67a056b81cb7135755401506dc13833bf41e812adc3852a1c921855c9ce886a3
99_source_archive/chapter2-game-assets-separated-v3/02_all_generated_cutouts/light_effects/light-effects-57736ba5-03.png,.png,194123,755,292,0,254,51806ceb16d0dc6bfbadf273a8b508cdcb0545a04bfd75db2f9dc79c66ecb4c9
99_source_archive/chapter2-game-assets-separated-v3/02_all_generated_cutouts/light_effects/light-effects-57736ba5-04.png,.png,242530,1340,214,0,254,b065e57983395f28287bcd3d01592e1857c1c237e4eead8631c5b26829f0c609
99_source_archive/chapter2-game-assets-separated-v3/02_all_generated_cutouts/memory_family/memory-family-281304d0-01.png,.png,1650837,2170,493,0,255,ed32a75f755554a6e2cb82b5f746d73927a8e8abdf05ab7a33a512ab783502cf
99_source_archive/chapter2-game-assets-separated-v3/02_all_generated_cutouts/memory_frames/memory-frames-7e52af49-01.png,.png,274142,347,434,0,255,28af7436a5aa9241759a42ad24c3e62e1921e00e02ef923e970f28dd34cb7a49
99_source_archive/chapter2-game-assets-separated-v3/02_all_generated_cutouts/memory_frames/memory-frames-7e52af49-02.png,.png,282299,358,430,0,255,d134615786afa149dde86fd7b1f7a66dee098e8db3cfdcc702c6f35e79e82eab
99_source_archive/chapter2-game-assets-separated-v3/02_all_generated_cutouts/memory_frames/memory-frames-7e52af49-03.png,.png,323875,405,422,0,255,7182d0f751a6263c660021b5ffe1a164304f40fb140b748b4654879a032cf827
99_source_archive/chapter2-game-assets-separated-v3/02_all_generated_cutouts/memory_frames/memory-frames-7e52af49-04.png,.png,325774,417,424,0,255,9ad8a38fc927ec881c1c7c47183d16bec7f5f1f195862ab4d727a738ba6b3c12
99_source_archive/chapter2-game-assets-separated-v3/02_all_generated_cutouts/memory_frames/memory-frames-7e52af49-05.png,.png,298530,356,420,0,255,d68db459f684e9041a162a141c1aea14dfe21088f7114669b982b002e6d6e748
99_source_archive/chapter2-game-assets-separated-v3/02_all_generated_cutouts/memory_frames/memory-frames-7e52af49-06.png,.png,269877,324,418,0,255,a6da090363f97bf96d4a2c6c67600adc1aa3896c3b06c195b77bdd5ee97ce503
99_source_archive/chapter2-game-assets-separated-v3/02_all_generated_cutouts/memory_frames/memory-frames-7e52af49-07.png,.png,337304,396,420,0,255,13bf6b5e703a8b4f413bbfe118e5a7463a593f220c222853017ce2e9983d9325
99_source_archive/chapter2-game-assets-separated-v3/02_all_generated_cutouts/memory_frames/memory-frames-7e52af49-08.png,.png,325771,396,412,0,255,1427c4a8ad873f823ebc797317c21dd3d7f587dae849edd61b623141333fd846
99_source_archive/chapter2-game-assets-separated-v3/02_all_generated_cutouts/memory_sister/memory-sister-02d1a0f3-01.png,.png,475201,476,645,0,255,6714559d6b31c1a66f54f4afa5047e92a39f825aea6c779fc620f83c032eb4fa
99_source_archive/chapter2-game-assets-separated-v3/02_all_generated_cutouts/memory_sister/memory-sister-02d1a0f3-02.png,.png,434605,470,618,0,255,d0f871403bcdd029dd1e4626be6576ae732292c24a57b626820de80427ce07e6
99_source_archive/chapter2-game-assets-separated-v3/02_all_generated_cutouts/memory_sister/memory-sister-02d1a0f3-03.png,.png,497218,494,634,0,255,7b3db81902c8cd43d143184ce6b6a2a1ebebeba4c94a5fa8306e5612d36df861
99_source_archive/chapter2-game-assets-separated-v3/02_all_generated_cutouts/memory_sister/memory-sister-02d1a0f3-04.png,.png,408267,704,369,0,255,8baf138d43ba6fdffcbdee7d6e4805768e715827c696e7cec3789720e37bf137
99_source_archive/chapter2-game-assets-separated-v3/02_all_generated_cutouts/memory_sister/memory-sister-eba85a67-01.png,.png,479690,476,645,0,255,d0c44ad5416544c22a15bf11ba32edcfd9b2ce730b1c6b7326502e9e0ba1f589
99_source_archive/chapter2-game-assets-separated-v3/02_all_generated_cutouts/memory_sister/memory-sister-eba85a67-02.png,.png,439862,470,616,0,255,99e14a108e44761a1ccf7f26deb0483b892f193c4f6e4f0f706feed52e58c397
99_source_archive/chapter2-game-assets-separated-v3/02_all_generated_cutouts/memory_sister/memory-sister-eba85a67-03.png,.png,502389,492,634,0,255,633e414313183e1789c1452934366ba396891cc5a4be2f67fde0146aa1ffd761
99_source_archive/chapter2-game-assets-separated-v3/02_all_generated_cutouts/memory_sister/memory-sister-eba85a67-04.png,.png,336845,576,369,0,255,4fcc5728046a695197e243a864f0c88b0f98901eeb19539cbb7c5e457e54f842
99_source_archive/chapter2-game-assets-separated-v3/02_all_generated_cutouts/platforms/platforms-d4f050e4-01.png,.png,114253,304,215,0,254,00d157e4179efc34d73ba00baa7e34e897feb1a7289085dc4dca661a1aac6a1d
99_source_archive/chapter2-game-assets-separated-v3/02_all_generated_cutouts/platforms/platforms-d4f050e4-02.png,.png,301693,720,231,0,254,af2b8178df1aca14cfaed4051a03b8d3eaa066c34df32f4083c162330919e440
99_source_archive/chapter2-game-assets-separated-v3/02_all_generated_cutouts/platforms/platforms-d4f050e4-03.png,.png,172097,454,198,0,254,188905d5580beb75c17bca551fe8c8e93bed34f4f77d71744ca404600bb36015
99_source_archive/chapter2-game-assets-separated-v3/02_all_generated_cutouts/platforms/platforms-d4f050e4-04.png,.png,312969,425,459,0,254,da086d691f590a9c6418913f28447b089ef95b0457c97f90c3cbc627f8f2a5cd
99_source_archive/chapter2-game-assets-separated-v3/02_all_generated_cutouts/platforms/platforms-d4f050e4-05.png,.png,151370,167,456,0,254,5fba0ca4efc1a8f9c930d51a5f7ce37491096817020e79dac4b35b24ca0c66e1
99_source_archive/chapter2-game-assets-separated-v3/02_all_generated_cutouts/platforms/platforms-d4f050e4-06.png,.png,92985,241,248,0,254,b2de3456ca100f1e3aa9981c7833ee085be994b8f54c33c7a9133bc882054cc3
99_source_archive/chapter2-game-assets-separated-v3/02_all_generated_cutouts/platforms/platforms-d4f050e4-07.png,.png,96395,256,236,0,254,c2406a176e7e34b941533a91aa0a78b9880340a56d530080e316172eaa0b8d58
99_source_archive/chapter2-game-assets-separated-v3/02_all_generated_cutouts/platforms/platforms-d4f050e4-08.png,.png,34068,137,141,0,253,f6bfa2ae1b7ba5605b453e143d238d2780eaefa52718ac6f219c4f02c58c17b5
99_source_archive/chapter2-game-assets-separated-v3/02_all_generated_cutouts/platforms/platforms-d4f050e4-09.png,.png,32522,136,139,0,253,a0fea7f3b5a60ba9bb5c265ff3adacc181ce23a47601b9a26d667202314c5e06
99_source_archive/chapter2-game-assets-separated-v3/02_all_generated_cutouts/platforms/platforms-d4f050e4-10.png,.png,20479,103,129,0,254,ebc6bc1067894acbf91bf16d9717d0565b2067f0834df3397cbf5a75389d74e3
99_source_archive/chapter2-game-assets-separated-v3/02_all_generated_cutouts/platforms/platforms-d4f050e4-11.png,.png,20135,104,111,0,253,7290e4c990d8456e5964745af72820b4175abed59c5b20b2332033f73b8b30ec
99_source_archive/chapter2-game-assets-separated-v3/02_all_generated_cutouts/platforms/platforms-eaeb1728-01.png,.png,109105,304,217,0,254,192c3aa44c4e0f94664666da5bc2309b614f0c64f7dad5187edeade3e78496b4
99_source_archive/chapter2-game-assets-separated-v3/02_all_generated_cutouts/platforms/platforms-eaeb1728-02.png,.png,163591,454,202,0,254,3727b858068b7d7c9f0420ee4de26c1882fd5f614cdde5818b08b2c9fd0a2b6a
99_source_archive/chapter2-game-assets-separated-v3/02_all_generated_cutouts/platforms/platforms-eaeb1728-03.png,.png,286799,720,234,0,254,5c8658103d8e944898fc22bac88b08858160bfd01a9e8051f0d9105832822199
99_source_archive/chapter2-game-assets-separated-v3/02_all_generated_cutouts/platforms/platforms-eaeb1728-04.png,.png,297047,427,461,0,254,a0f7982bc398a781d31fc0ce223db0a638cd8720410c45a07e735195a4e1937f
99_source_archive/chapter2-game-assets-separated-v3/02_all_generated_cutouts/platforms/platforms-eaeb1728-05.png,.png,142793,168,457,0,254,159e5e618243dae8619e0d4dc1e28c5e74caca648d790a1ee12555a12be73321
99_source_archive/chapter2-game-assets-separated-v3/02_all_generated_cutouts/platforms/platforms-eaeb1728-06.png,.png,89269,242,251,0,254,d3362f552f7d90c55b68f70c7610bfa1471f4bcc7d857e82c375be332490fae7
99_source_archive/chapter2-game-assets-separated-v3/02_all_generated_cutouts/platforms/platforms-eaeb1728-07.png,.png,91901,256,237,0,254,bc70e8692066cab1c4802b2832c0bf885b42018b2011413ab7cea206da16e2d4
99_source_archive/chapter2-game-assets-separated-v3/02_all_generated_cutouts/platforms/platforms-eaeb1728-08.png,.png,32421,139,141,0,254,97d83c6954904e01174160f01ba0cfc9e5f12750fc0c60c6e4c0ebf7120fdef6
99_source_archive/chapter2-game-assets-separated-v3/02_all_generated_cutouts/platforms/platforms-eaeb1728-09.png,.png,31677,135,143,0,254,824952e0371339ad223a1430aa1ab12969a47ff30c2bf1204616a810e9342bd7
99_source_archive/chapter2-game-assets-separated-v3/02_all_generated_cutouts/platforms/platforms-eaeb1728-10.png,.png,19850,103,132,0,254,202c66fe4f8857141f2ac6161849f67ac057ab95ff67de8ce617e5a2bf72f639
99_source_archive/chapter2-game-assets-separated-v3/02_all_generated_cutouts/platforms/platforms-eaeb1728-11.png,.png,20010,107,115,0,254,9549dc97dd112901aaa46aca235e5ea9d026a26d5ebfb4f5780eaf0f39058863
99_source_archive/chapter2-game-assets-separated-v3/02_all_generated_cutouts/scribble_decals/scribble-decals-4ad90679-01.png,.png,186417,379,396,0,254,57632b66ac54401b3f39837776c39c6d6eaa399a5eefefacbb6810e6b569d651
99_source_archive/chapter2-game-assets-separated-v3/02_all_generated_cutouts/scribble_decals/scribble-decals-4ad90679-02.png,.png,165436,339,423,0,254,8aaea77a9ee12cb5f2b5f028ee8ce65f15ef35f8317b92b3e311272de4376476
99_source_archive/chapter2-game-assets-separated-v3/02_all_generated_cutouts/scribble_decals/scribble-decals-4ad90679-03.png,.png,202554,393,381,0,254,48e248845a4216baeb7f32909552325d8a17327afbe44eebd077afe80f94bd81
99_source_archive/chapter2-game-assets-separated-v3/02_all_generated_cutouts/scribble_decals/scribble-decals-4ad90679-04.png,.png,148700,445,247,0,254,275c40b2828002cda8066276c371973e519ad81adad7219bdbd2c882295a49fb
99_source_archive/chapter2-game-assets-separated-v3/02_all_generated_cutouts/scribble_decals/scribble-decals-4ad90679-05.png,.png,147573,471,242,0,254,f774ec0b4bd5d3f84338b8292babe84066868f4a6e2c2f7d163fa3f2858aa861
99_source_archive/chapter2-game-assets-separated-v3/02_all_generated_cutouts/scribble_decals/scribble-decals-4ad90679-06.png,.png,2317,45,44,0,254,de5d1d0ec555d0cd16d116f166a9724aecd144a72bb2ccb0b43edcfc14b70075
99_source_archive/chapter2-game-assets-separated-v3/02_all_generated_cutouts/scribble_decals/scribble-decals-4ad90679-07.png,.png,103109,268,307,0,254,bda454e16c16615e107cfcb01501823b48f8015ebb802f8b6122139e4f9705ab
99_source_archive/chapter2-game-assets-separated-v3/02_all_generated_cutouts/scribble_decals/scribble-decals-4ad90679-08.png,.png,161793,330,304,0,254,1585c69c6aac3ee7e131b23089eff55ce74c3835ba9a14df911d01716be0ceda
99_source_archive/chapter2-game-assets-separated-v3/02_all_generated_cutouts/scribble_decals/scribble-decals-4ad90679-09.png,.png,109251,331,272,0,254,e891193a9b2d192914081254f47fa3e81171acce59a6d3d794384b431f8521d9
99_source_archive/chapter2-game-assets-separated-v3/02_all_generated_cutouts/scribble_decals/scribble-decals-4ad90679-10.png,.png,128372,334,291,0,254,740203e27a0b9e9a680402b197f11068a4b8e2b24aab268bb792edb3df04180a
99_source_archive/chapter2-game-assets-separated-v3/02_all_generated_cutouts/scribble_decals/scribble-decals-4ad90679-11.png,.png,2074,37,40,0,248,c4b8ff63486652e647d9cbc2d5b3fbec3c0f5df328a8d6f2c53a98a987168944
99_source_archive/chapter2-game-assets-separated-v3/02_all_generated_cutouts/scribble_decals/scribble-decals-4ad90679-12.png,.png,133080,280,289,0,254,ef184836ad29ef7b7c2596dd21eae162d98605d3bce1c48a28de917bac35fd5e
99_source_archive/chapter2-game-assets-separated-v3/03_scene_backgrounds/scene_backgrounds/exec-a358660f-aa56-4c00-ba6a-da079412c165.png,.png,1853051,1254,1254,255,255,b0b34549fbbe6ab32734b49c4cd0869849a1150b36b026561cba8b776e94d6c7
99_source_archive/chapter2-game-assets-separated-v3/03_scene_backgrounds/scene_mockups/exec-b20bc8ba-7432-479a-966d-f99e5a0243d4.png,.png,2151349,1672,941,255,255,deeaac57c743a2bf3380df8a57b70c656b4f9d437608ca3e2d4e3a42d1d83ad2
99_source_archive/chapter2-game-assets-separated-v3/03_scene_backgrounds/scene_mockups/exec-b5e934ce-de3b-447b-803e-e87d9e3a4ce8.png,.png,2179283,1672,941,255,255,bb65d6180c65f63eb9237e0f78b1dcdde0c6b5fa53af12cbbbd2beb937c888ea
99_source_archive/chapter2-game-assets-separated-v3/04_sprite_sheets/boss-dissolve-20f-transparent-checker-preview.png,.png,274857,2048,102,255,255,1715cb43264814fdf1fe6255010c79ae6341aeeeba8ff1cb5777d3b5ec39f1c9
99_source_archive/chapter2-game-assets-separated-v3/04_sprite_sheets/boss-dissolve-20f-transparent.png,.png,2136532,7680,384,0,255,bc550e18343b1d9cb8559d3d5502fc8a2dd8d2c2fdc29bb1fbfe77f37649d4b2
99_source_archive/chapter2-game-assets-separated-v3/05_custom_export20/boss-dissolve-custom-20f-checker-preview.png,.png,241990,2048,102,255,255,15aa133ba4db890518862bea0e8009a7954d84790068a6800c88737fc3c5d744
99_source_archive/chapter2-game-assets-separated-v3/05_custom_export20/boss-dissolve-custom-20f-transparent-200ms.gif,.gif,601145,384,384,255,255,d5fd60b30353520d797fbdd344155f0ee7da94e6ee39e91aa3f2da0f7bcffbaa
99_source_archive/chapter2-game-assets-separated-v3/05_custom_export20/boss-dissolve-custom-20f-transparent-sheet.png,.png,1931853,7680,384,0,255,2d2219f76bb8c68b10c494f6f868a553e1e1f45ee637975e7e62e8538287e42f
99_source_archive/chapter2-game-assets-separated-v3/05_custom_export20/frames-transparent/boss-dissolve-01.png,.png,146039,384,384,0,255,e9ebc88a35cfd4341607efc1bf8b76e6f64682bce453b71eb932650a9af0f09e
99_source_archive/chapter2-game-assets-separated-v3/05_custom_export20/frames-transparent/boss-dissolve-02.png,.png,150003,384,384,0,255,62345ddaf8387fdedf5f002700bbe65bbfaa9bd6abda4de43ac7c18dcc796765
99_source_archive/chapter2-game-assets-separated-v3/05_custom_export20/frames-transparent/boss-dissolve-03.png,.png,152117,384,384,0,255,d3865ffc29edb0460e819458a2dbc1f5bfef472cf3d65d63d2edb6717cb8e631
99_source_archive/chapter2-game-assets-separated-v3/05_custom_export20/frames-transparent/boss-dissolve-04.png,.png,148104,384,384,0,255,a148cb0484fb3bb3ad765d5c91d9271397efeb90fe077badf52fa90af14786fe
99_source_archive/chapter2-game-assets-separated-v3/05_custom_export20/frames-transparent/boss-dissolve-05.png,.png,156311,384,384,0,255,5ec02d8392c582af6f3cb52464ef05b136845fd9ba7afc69d3bcafdbb3f201f4
99_source_archive/chapter2-game-assets-separated-v3/05_custom_export20/frames-transparent/boss-dissolve-06.png,.png,155307,384,384,0,255,cbd2635d7c2eb9365ab38b3287b18552d8a90e8eeb3b8ddbdf44910759e7f166
99_source_archive/chapter2-game-assets-separated-v3/05_custom_export20/frames-transparent/boss-dissolve-07.png,.png,149915,384,384,0,255,afebb9432b4c14fef23e5b62db79b8065c5ecd67e01b6911ad575177c9c0e0f0
99_source_archive/chapter2-game-assets-separated-v3/05_custom_export20/frames-transparent/boss-dissolve-08.png,.png,144192,384,384,0,255,5af6e499050f56eb09874bc7018c4490a3a6a1cf6d867c561402e6a6eeb54325
99_source_archive/chapter2-game-assets-separated-v3/05_custom_export20/frames-transparent/boss-dissolve-09.png,.png,149472,384,384,0,255,1dbd134766fc81de74240fca23923895c2490019a6d0ab14321151a33958a139
99_source_archive/chapter2-game-assets-separated-v3/05_custom_export20/frames-transparent/boss-dissolve-10.png,.png,150597,384,384,0,255,b7bcf853714f613e2750aa4bd0880202a52fef87bd008b2b77eb0010a098a704
99_source_archive/chapter2-game-assets-separated-v3/05_custom_export20/frames-transparent/boss-dissolve-11.png,.png,148572,384,384,0,255,6e02e37b45259434b466612ac6f4aeec8797c625b2f6cfb32a5d1fe9c568e1a1
99_source_archive/chapter2-game-assets-separated-v3/05_custom_export20/frames-transparent/boss-dissolve-12.png,.png,149028,384,384,0,255,b1bdeaf148fad67edfbc047621cfc441e12252f16a717464b49f8a9cf6f07f6f
99_source_archive/chapter2-game-assets-separated-v3/05_custom_export20/frames-transparent/boss-dissolve-13.png,.png,158548,384,384,0,255,4b708b2eebc30afe8c4e55c5cbd999a543e26e65ab9c6866b1f5c5edc3041691
99_source_archive/chapter2-game-assets-separated-v3/05_custom_export20/frames-transparent/boss-dissolve-14.png,.png,168893,384,384,0,255,a2d53541ad1720ce635663394648bbe8aec2542f04847aa5651d149ccfe52666
99_source_archive/chapter2-game-assets-separated-v3/05_custom_export20/frames-transparent/boss-dissolve-15.png,.png,169470,384,384,0,255,e16096d9f7eb586723f6197cf8763ea19d24c3b121aa0eadc4513794cd518e91
99_source_archive/chapter2-game-assets-separated-v3/05_custom_export20/frames-transparent/boss-dissolve-16.png,.png,173740,384,384,0,255,d7019d50c93cd3d83dd1f71215b1aad3905a590678dcd65b2ec93fd8f98a2800
99_source_archive/chapter2-game-assets-separated-v3/05_custom_export20/frames-transparent/boss-dissolve-17.png,.png,130605,384,384,0,255,0c5809fa46ed03e653bc39d10d8838a411b5950e62958f76bb43308b3558eb7f
99_source_archive/chapter2-game-assets-separated-v3/05_custom_export20/frames-transparent/boss-dissolve-18.png,.png,134381,384,384,0,255,0f43284fe69e5244f9ba67325e601e889297ee36adde26f4830e44247f1a2bdb
99_source_archive/chapter2-game-assets-separated-v3/05_custom_export20/frames-transparent/boss-dissolve-19.png,.png,122885,384,384,0,255,a8472e94cc9bcb94e96955efe37a4a9e40edba117aea1ce56845b485f2aa280b
99_source_archive/chapter2-game-assets-separated-v3/05_custom_export20/frames-transparent/boss-dissolve-20.png,.png,120194,384,384,0,255,2fc175b9a2e5bb0a47d2363772168ae3fd595dfce0e2f3793d11dede18f355fd
99_source_archive/chapter2-game-assets-separated-v3/05_custom_export20/late-frames-checker-preview.png,.png,334367,1920,384,255,255,dae72a0a8aa7a99c8bde5ce48c82b5984bcdb6606f7ebaf843222e6c5b99e2e6
99_source_archive/chapter2-game-assets-separated-v3/05_custom_export20/README.md,.md,708,,,,,a45c7a153837cc88bef5d7096c6d9c4a94c3596887ac6d2d214bb58206cc101b
99_source_archive/chapter2-game-assets-separated-v3/99_source_sheets/exec-02d1a0f3-2022-4e13-846d-2e8fec3f868b.png,.png,2037819,1536,1024,255,255,ef183a83dfd945ac86840e0aca7650bb80c3bd8685ffdce99c7d9da75ebc10f3
99_source_archive/chapter2-game-assets-separated-v3/99_source_sheets/exec-281304d0-920e-4b04-9261-3126018f8933.png,.png,1697478,2172,724,0,255,626c4771e01955abf1b9764d9899952518fc57e0bc76e6e5db6587a561dbcf05
99_source_archive/chapter2-game-assets-separated-v3/99_source_sheets/exec-284bd788-b95d-4e8d-b904-03a1864c4ab5.png,.png,1844939,2172,724,0,255,e4cbe9a05d24adba122e3afc156157abf613c9d8ce98cc6d3f49a495852be954
99_source_archive/chapter2-game-assets-separated-v3/99_source_sheets/exec-2dcd6513-aba6-4d69-bcb2-c044cdcd33eb.png,.png,2005533,1254,1254,0,255,27ab9cb8926c95cb8f1d4f92ba8c97faa870a0e1c914817f2ab66597de169993
99_source_archive/chapter2-game-assets-separated-v3/99_source_sheets/exec-348a4cda-0659-45b6-a532-6e97004d810e.png,.png,2090606,1536,1024,255,255,a5ece4a3da3d715c4dbbdde85441e6c00136fd62319fb3d523091dd1a351a127
99_source_archive/chapter2-game-assets-separated-v3/99_source_sheets/exec-3780137d-de65-4970-a2f9-8b6574c50b52.png,.png,290632,2172,724,0,255,e98bda5ad8ec4facdb9916cd7205c6fd28344c38bf8750fbb4d68bc111f83e71
99_source_archive/chapter2-game-assets-separated-v3/99_source_sheets/exec-39ae95b9-8594-4941-b979-b7f63220481b.png,.png,2979394,1536,1024,255,255,31f3669ce56d021a8c9c040088c698f774bca0cd1feb88daef41f4abaecdb32a
99_source_archive/chapter2-game-assets-separated-v3/99_source_sheets/exec-45cce1cf-f0ff-4418-a28c-7db178a53c43.png,.png,1507812,1536,1024,255,255,fff6a52ffdb986faff537d1a94a59cbe5bae24a690a70dad285cfc6f7519979a
99_source_archive/chapter2-game-assets-separated-v3/99_source_sheets/exec-4ad90679-77a3-4904-b98f-2987cf7fe50e.png,.png,1936524,1536,1024,0,254,b78a8b2d9a2bad04b98af02e25663eb4d05d63132121c8ff0781cabe0c67db1d
99_source_archive/chapter2-game-assets-separated-v3/99_source_sheets/exec-5106ff20-6db7-4eed-bd27-c65399c70f2c.png,.png,2820345,1536,1024,255,255,e25f13a58b10628f0d88585f9b55d6fa294ca8fb2d5decf4746c5524003fba30
99_source_archive/chapter2-game-assets-separated-v3/99_source_sheets/exec-57736ba5-50cc-476b-9ed1-d2fda619a429.png,.png,1154713,1536,1024,0,254,6bab3133f2d77d9a8ca8b57d2012a6430d0dc4eee8a9d070d6b5a613a370a434
99_source_archive/chapter2-game-assets-separated-v3/99_source_sheets/exec-5e7c2066-4e46-4795-b53d-422c765bcb5e.png,.png,2100807,1536,1024,255,255,d9589247c3eebc0483bb480a9a412cc46844ec3d53769c5be2a107840778b170
99_source_archive/chapter2-game-assets-separated-v3/99_source_sheets/exec-62f2a2ba-4c3f-4566-820a-51e0ee69d2db.png,.png,2619500,1254,1254,255,255,05fc6862c856c9d743db3587c441488916d7bc790c4dd1bbad573953436699e1
99_source_archive/chapter2-game-assets-separated-v3/99_source_sheets/exec-69a7990d-0ff1-44fc-a59d-6816a17061f7.png,.png,2335133,1536,1024,0,253,3104394473b1880f58ce0357acc61646fd9968c6cfd4add7af000473e96c7c68
99_source_archive/chapter2-game-assets-separated-v3/99_source_sheets/exec-74f09a2e-ee33-4e69-a6f6-88d50ad88aee.png,.png,1585967,1536,1024,255,255,4831430b1f511e8c45319cd4ef414c056924a8ca32b1d6d5fe1a02fec1090cf9
99_source_archive/chapter2-game-assets-separated-v3/99_source_sheets/exec-7e52af49-75f7-4967-8a8f-48237b9fab64.png,.png,2500049,1536,1024,255,255,48a673e515608a168eb0403bc97fb6f0976db732f4dc8fe996db281517f5561b
99_source_archive/chapter2-game-assets-separated-v3/99_source_sheets/exec-832015a9-e2cf-408d-b727-ab2809a15d2f.png,.png,1899750,1536,1024,255,255,518ca5aef774510eca6ae493b2effbb90acb9eeaa31ea9b44ff9e29d141fb023
99_source_archive/chapter2-game-assets-separated-v3/99_source_sheets/exec-83d4fdf1-9bdb-4fda-ae50-f8c2784b1130.png,.png,2622823,1536,1024,29,251,45598a19d2753cce11c194415d0a928005e2a16300974d11ec8381acdae97e40
99_source_archive/chapter2-game-assets-separated-v3/99_source_sheets/exec-996d52cc-c47a-4f11-89b1-e9cf3abffece.png,.png,1970931,1536,1024,255,255,12383c00d1241820f8e3e16974a8e6ef91de18e28e9c8a47e2587d1ee8fb6dec
99_source_archive/chapter2-game-assets-separated-v3/99_source_sheets/exec-a358660f-aa56-4c00-ba6a-da079412c165.png,.png,1853051,1254,1254,255,255,b0b34549fbbe6ab32734b49c4cd0869849a1150b36b026561cba8b776e94d6c7
99_source_archive/chapter2-game-assets-separated-v3/99_source_sheets/exec-a6b5abd0-64ac-4151-8fcf-0f24e878645c.png,.png,2787126,1536,1024,255,255,5efaeab2c8649d4588c2b72c791446500ee6931e4c54104a38a2886473c47793
99_source_archive/chapter2-game-assets-separated-v3/99_source_sheets/exec-b20bc8ba-7432-479a-966d-f99e5a0243d4.png,.png,2151349,1672,941,255,255,deeaac57c743a2bf3380df8a57b70c656b4f9d437608ca3e2d4e3a42d1d83ad2
99_source_archive/chapter2-game-assets-separated-v3/99_source_sheets/exec-b249e73a-c0a0-4567-a310-152bce1bbd1a.png,.png,1023014,1774,887,0,255,476f76d427e754acbdac28aa19e14698392558175578ee4fc0efa93d7fbbfcf0
99_source_archive/chapter2-game-assets-separated-v3/99_source_sheets/exec-b5e934ce-de3b-447b-803e-e87d9e3a4ce8.png,.png,2179283,1672,941,255,255,bb65d6180c65f63eb9237e0f78b1dcdde0c6b5fa53af12cbbbd2beb937c888ea
99_source_archive/chapter2-game-assets-separated-v3/99_source_sheets/exec-c11f1f97-1747-480f-a09c-0e2b6c749484.png,.png,958882,2172,724,0,255,7880f91eb4ad06139c88990dcc9a430733d0066a1cff46425e7fe2eca7b92944
99_source_archive/chapter2-game-assets-separated-v3/99_source_sheets/exec-c73de297-3669-47c7-883c-c338c4999a02.png,.png,2715008,1201,1310,255,255,5f11a72464e61313962b666382302a60e0780b1f5877045c8c2c79dfbc2b0f87
99_source_archive/chapter2-game-assets-separated-v3/99_source_sheets/exec-d4f050e4-810c-4f7d-87cf-0ad9a933a558.png,.png,2013401,1536,1024,0,254,12445d6d5f507e488710bae2908d97da0105c88b85c5603f5b5fe4506f07536b
99_source_archive/chapter2-game-assets-separated-v3/99_source_sheets/exec-e29b9099-7ba1-414e-8413-ff9a7862e547.png,.png,2233717,1254,1254,255,255,98d30bfbb3cc7ad9e6b17f9215721b69829a704cc4b331cabd8eaceb6cc69d72
99_source_archive/chapter2-game-assets-separated-v3/99_source_sheets/exec-e5bcd28f-4013-4363-83c8-58002e0602d6.png,.png,2158390,1536,1024,255,255,12b28ecd8174b30794f2ca490634da4da912a2145c055bd3046f78bdc63b7f9a
99_source_archive/chapter2-game-assets-separated-v3/99_source_sheets/exec-eaeb1728-0ef3-4a85-b2cd-22b399f9668e.png,.png,1925998,1536,1024,0,254,443278c948ebd985e8980c8f308915a07e74eebb60debc2fb6d89b7e693486a1
99_source_archive/chapter2-game-assets-separated-v3/99_source_sheets/exec-eba85a67-e49b-4acd-af23-102b702a51e5.png,.png,2025901,1536,1024,255,255,3d921a99bb32c0b5183c7e4577bd1b6f5cb9a765bc601f7f8670b0a31968d8db
99_source_archive/previous-integration-manifest.csv,.csv,1630,,,,,1fac39582510ade99f5455711f1204003f7d8d1bfb610b098589152c6a5df5e7
99_source_archive/previous-integration-README.md,.md,2046,,,,,3b807f68491e8b664965af26e5e188ead7c8122144176a231726f52fc1361a31
